netlist,B0,B1,B2,B3,B4,B5,B6,B7,B8,B9,B10,B11,B12,B13,B14,B15,B16,B17,B18,B19,B20,B21,B22,B23,B24,B25,B26,B27,B28,B29,B30,B31,B32,B33,B34,B35,B36,B37,B38,B39,B40,B41,B42,B43,B44,B45,B46,B47,B48,B49,B50,B51,B52,B53,B54,B55,B56,B57,B58,B59,B60,B61,B62,B63,B64,B65,B66,B67,B68,B69,B70,B71,B72,B73,B74,B75,B76,B77,B78,B79,B80,B81,B82,B83,B84,B85,B86,B87,B88,B89,B90,B91,B92,B93,B94,B95,B96,B97,B98,B99,B100,B101,B102,B103,B104,B105,B106,B107,B108,B109,B110,B111,B112,B113,B114,B115,B116,B117,B118,B119,B120,B121,B122,B123,B124,B125,B126,B127,B128,B129,B130,B131,B132,B133,B134,B135,B136,B137,B138,B139,B140,B141,B142,B143,B144,B145,B146,B147,B148,B149,B150,B151,B152,B153,B154,B155,B156,B157,B158,B159,B160,B161,B162,B163,B164,B165,B166,B167,B168,B169,B170,B171,B172,B173,B174,B175,B176,B177,B178,B179,
W0,XXXX,XXXX,XXXX,XXXX,XXXX,XXXX,XXXX,XXXX,XXXX,XXXX,XXXX,XXXX,XXXX,XXXX,XXXX,XXXX,XXXX,XXXX,XXXX,XXXX,XXXX,XXXX,XXXX,XXXX,XXXX,XXXX,XXXX,XXXX,XXXX,XXXX,XXXX,XXXX,XXXX,XXXX,XXXX,XXXX,XXXX,XXXX,XXXX,XXXX,XXXX,XXXX,XXXX,XXXX,XXXX,XXXX,XXXX,XXXX,XXXX,XXXX,XXXX,XXXX,XXXX,XXXX,XXXX,XXXX,XXXX,XXXX,XXXX,XXXX,XXXX,XXXX,XXXX,XXXX,XXXX,XXXX,XXXX,XXXX,XXXX,XXXX,XXXX,XXXX,XXXX,XXXX,XXXX,XXXX,XXXX,XXXX,XXXX,XXXX,XXXX,XXXX,XXXX,XXXX,XXXX,XXXX,XXXX,XXXX,XXXX,XXXX,XXXX,XXXX,XXXX,XXXX,XXXX,XXXX,XXXX,XXXX,XXXX,XXXX,XXXX,XXXX,XXXX,XXXX,XXXX,XXXX,XXXX,XXXX,XXXX,XXXX,XXXX,XXXX,XXXX,XXXX,XXXX,XXXX,XXXX,XXXX,XXXX,XXXX,XXXX,XXXX,XXXX,XXXX,XXXX,XXXX,XXXX,XXXX,XXXX,XXXX,XXXX,XXXX,XXXX,XXXX,XXXX,XXXX,XXXX,XXXX,XXXX,XXXX,XXXX,XXXX,XXXX,XXXX,XXXX,XXXX,XXXX,XXXX,XXXX,XXXX,XXXX,XXXX,XXXX,XXXX,XXXX,XXXX,XXXX,XXXX,XXXX,XXXX,XXXX,XXXX,XXXX,XXXX,XXXX,XXXX,XXXX,XXXX,XXXX,XXXX,XXXX,XXXX,CFG_INPUTMUX<0>,XXXX,XXXX,XXXX,XXXX,XXXX,XXXX,XXXX,
W1,XXXX,XXXX,XXXX,XXXX,XXXX,XXXX,XXXX,XXXX,XXXX,XXXX,XXXX,XXXX,XXXX,XXXX,XXXX,XXXX,XXXX,XXXX,XXXX,XXXX,XXXX,XXXX,XXXX,XXXX,XXXX,XXXX,XXXX,XXXX,XXXX,XXXX,XXXX,XXXX,XXXX,XXXX,XXXX,XXXX,XXXX,XXXX,XXXX,XXXX,XXXX,XXXX,XXXX,XXXX,XXXX,XXXX,XXXX,XXXX,XXXX,XXXX,XXXX,XXXX,XXXX,XXXX,XXXX,XXXX,XXXX,XXXX,XXXX,XXXX,XXXX,XXXX,XXXX,XXXX,XXXX,XXXX,XXXX,XXXX,XXXX,XXXX,XXXX,XXXX,XXXX,XXXX,XXXX,XXXX,XXXX,XXXX,XXXX,XXXX,XXXX,XXXX,XXXX,XXXX,XXXX,XXXX,XXXX,XXXX,XXXX,XXXX,XXXX,XXXX,XXXX,XXXX,XXXX,XXXX,XXXX,XXXX,XXXX,XXXX,XXXX,XXXX,XXXX,XXXX,XXXX,XXXX,XXXX,XXXX,XXXX,XXXX,XXXX,XXXX,XXXX,XXXX,XXXX,XXXX,XXXX,XXXX,XXXX,XXXX,XXXX,XXXX,XXXX,XXXX,XXXX,XXXX,XXXX,XXXX,XXXX,XXXX,XXXX,XXXX,XXXX,XXXX,XXXX,XXXX,XXXX,XXXX,XXXX,XXXX,XXXX,XXXX,XXXX,XXXX,XXXX,XXXX,XXXX,XXXX,XXXX,XXXX,XXXX,XXXX,XXXX,XXXX,XXXX,XXXX,XXXX,XXXX,XXXX,XXXX,XXXX,XXXX,XXXX,XXXX,XXXX,XXXX,XXXX,XXXX,XXXX,XXXX,XXXX,XXXX,CFG_INPUTMUX<1>,XXXX,XXXX,XXXX,XXXX,XXXX,XXXX,XXXX,
W2,XXXX,XXXX,XXXX,XXXX,XXXX,XXXX,XXXX,XXXX,XXXX,XXXX,XXXX,XXXX,XXXX,XXXX,XXXX,XXXX,XXXX,XXXX,XXXX,XXXX,XXXX,XXXX,XXXX,XXXX,XXXX,XXXX,XXXX,XXXX,XXXX,XXXX,XXXX,XXXX,XXXX,XXXX,XXXX,XXXX,XXXX,XXXX,XXXX,XXXX,XXXX,XXXX,XXXX,XXXX,XXXX,XXXX,XXXX,XXXX,XXXX,XXXX,XXXX,XXXX,XXXX,XXXX,XXXX,XXXX,XXXX,XXXX,XXXX,XXXX,XXXX,XXXX,XXXX,XXXX,XXXX,XXXX,XXXX,XXXX,XXXX,XXXX,XXXX,XXXX,XXXX,XXXX,XXXX,XXXX,XXXX,XXXX,XXXX,XXXX,XXXX,XXXX,XXXX,XXXX,XXXX,XXXX,XXXX,XXXX,XXXX,XXXX,XXXX,XXXX,XXXX,XXXX,XXXX,XXXX,XXXX,XXXX,XXXX,XXXX,XXXX,XXXX,XXXX,XXXX,XXXX,XXXX,XXXX,XXXX,XXXX,XXXX,XXXX,XXXX,XXXX,XXXX,XXXX,XXXX,XXXX,XXXX,XXXX,XXXX,XXXX,XXXX,XXXX,XXXX,XXXX,XXXX,XXXX,XXXX,XXXX,XXXX,XXXX,XXXX,XXXX,XXXX,XXXX,XXXX,XXXX,XXXX,XXXX,XXXX,XXXX,XXXX,XXXX,XXXX,XXXX,XXXX,XXXX,XXXX,XXXX,XXXX,XXXX,XXXX,XXXX,XXXX,XXXX,XXXX,XXXX,XXXX,XXXX,XXXX,XXXX,XXXX,XXXX,XXXX,XXXX,XXXX,XXXX,XXXX,XXXX,XXXX,XXXX,XXXX,CFG_INPUTMUX<2>,XXXX,XXXX,XXXX,XXXX,XXXX,XXXX,XXXX,
W3,XXXX,XXXX,XXXX,XXXX,XXXX,XXXX,XXXX,XXXX,XXXX,XXXX,XXXX,XXXX,XXXX,XXXX,XXXX,XXXX,XXXX,XXXX,XXXX,XXXX,XXXX,XXXX,XXXX,XXXX,XXXX,XXXX,XXXX,XXXX,XXXX,XXXX,XXXX,XXXX,XXXX,XXXX,XXXX,XXXX,XXXX,XXXX,XXXX,XXXX,XXXX,XXXX,XXXX,XXXX,XXXX,XXXX,XXXX,XXXX,XXXX,XXXX,XXXX,XXXX,XXXX,XXXX,XXXX,XXXX,XXXX,XXXX,XXXX,XXXX,XXXX,XXXX,XXXX,XXXX,XXXX,XXXX,XXXX,XXXX,XXXX,XXXX,XXXX,XXXX,XXXX,XXXX,XXXX,XXXX,XXXX,XXXX,XXXX,XXXX,XXXX,XXXX,XXXX,XXXX,XXXX,XXXX,XXXX,XXXX,XXXX,XXXX,XXXX,XXXX,XXXX,XXXX,XXXX,XXXX,XXXX,XXXX,XXXX,XXXX,XXXX,XXXX,XXXX,XXXX,XXXX,XXXX,XXXX,XXXX,XXXX,XXXX,XXXX,XXXX,XXXX,XXXX,XXXX,XXXX,XXXX,XXXX,XXXX,XXXX,XXXX,XXXX,XXXX,XXXX,XXXX,XXXX,XXXX,XXXX,XXXX,XXXX,XXXX,XXXX,XXXX,XXXX,XXXX,XXXX,XXXX,XXXX,XXXX,XXXX,XXXX,XXXX,XXXX,XXXX,XXXX,XXXX,XXXX,XXXX,XXXX,XXXX,XXXX,XXXX,XXXX,XXXX,XXXX,XXXX,XXXX,XXXX,XXXX,XXXX,XXXX,XXXX,XXXX,XXXX,XXXX,XXXX,XXXX,XXXX,XXXX,XXXX,XXXX,XXXX,CFG_INPUTMUX<3>,XXXX,XXXX,XXXX,XXXX,XXXX,XXXX,XXXX,
W4,XXXX,XXXX,XXXX,XXXX,XXXX,XXXX,XXXX,XXXX,XXXX,XXXX,XXXX,XXXX,XXXX,XXXX,XXXX,XXXX,XXXX,XXXX,XXXX,XXXX,XXXX,XXXX,XXXX,XXXX,XXXX,XXXX,XXXX,XXXX,XXXX,XXXX,XXXX,XXXX,XXXX,XXXX,XXXX,XXXX,XXXX,XXXX,XXXX,XXXX,XXXX,XXXX,XXXX,XXXX,XXXX,XXXX,XXXX,XXXX,XXXX,XXXX,XXXX,XXXX,XXXX,XXXX,XXXX,XXXX,XXXX,XXXX,XXXX,XXXX,XXXX,XXXX,XXXX,XXXX,XXXX,XXXX,XXXX,XXXX,XXXX,XXXX,XXXX,XXXX,XXXX,XXXX,XXXX,XXXX,XXXX,XXXX,XXXX,XXXX,XXXX,XXXX,XXXX,XXXX,XXXX,XXXX,XXXX,XXXX,XXXX,XXXX,XXXX,XXXX,XXXX,XXXX,XXXX,XXXX,XXXX,XXXX,XXXX,XXXX,XXXX,XXXX,XXXX,XXXX,XXXX,XXXX,XXXX,XXXX,XXXX,XXXX,XXXX,XXXX,XXXX,XXXX,XXXX,XXXX,XXXX,XXXX,XXXX,XXXX,XXXX,XXXX,XXXX,XXXX,XXXX,XXXX,XXXX,XXXX,XXXX,XXXX,XXXX,XXXX,XXXX,XXXX,XXXX,XXXX,XXXX,XXXX,XXXX,XXXX,XXXX,XXXX,XXXX,XXXX,XXXX,XXXX,XXXX,XXXX,XXXX,XXXX,XXXX,XXXX,XXXX,XXXX,XXXX,XXXX,XXXX,XXXX,XXXX,XXXX,XXXX,XXXX,XXXX,XXXX,XXXX,XXXX,XXXX,XXXX,XXXX,XXXX,XXXX,XXXX,CFG_INPUTMUX<4>,XXXX,XXXX,XXXX,XXXX,XXXX,XXXX,XXXX,
W5,XXXX,XXXX,XXXX,XXXX,XXXX,XXXX,XXXX,XXXX,XXXX,XXXX,XXXX,XXXX,XXXX,XXXX,XXXX,XXXX,XXXX,XXXX,XXXX,XXXX,XXXX,XXXX,XXXX,XXXX,XXXX,XXXX,XXXX,XXXX,XXXX,XXXX,XXXX,XXXX,XXXX,XXXX,XXXX,XXXX,XXXX,XXXX,XXXX,XXXX,XXXX,XXXX,XXXX,XXXX,XXXX,XXXX,XXXX,XXXX,XXXX,XXXX,XXXX,XXXX,XXXX,XXXX,XXXX,XXXX,XXXX,XXXX,XXXX,XXXX,XXXX,XXXX,XXXX,XXXX,XXXX,XXXX,XXXX,XXXX,XXXX,XXXX,XXXX,XXXX,XXXX,XXXX,XXXX,XXXX,XXXX,XXXX,XXXX,XXXX,XXXX,XXXX,XXXX,XXXX,XXXX,XXXX,XXXX,XXXX,XXXX,XXXX,XXXX,XXXX,XXXX,XXXX,XXXX,XXXX,XXXX,XXXX,XXXX,XXXX,XXXX,XXXX,XXXX,XXXX,XXXX,XXXX,XXXX,XXXX,XXXX,XXXX,XXXX,XXXX,XXXX,XXXX,XXXX,XXXX,XXXX,XXXX,XXXX,XXXX,XXXX,XXXX,XXXX,XXXX,XXXX,XXXX,XXXX,XXXX,XXXX,XXXX,XXXX,XXXX,XXXX,XXXX,XXXX,XXXX,XXXX,XXXX,XXXX,XXXX,XXXX,XXXX,XXXX,XXXX,XXXX,XXXX,XXXX,XXXX,XXXX,XXXX,XXXX,XXXX,XXXX,XXXX,XXXX,XXXX,XXXX,XXXX,XXXX,XXXX,XXXX,XXXX,XXXX,XXXX,XXXX,XXXX,XXXX,XXXX,XXXX,XXXX,XXXX,XXXX,CFG_INPUTMUX<5>,XXXX,XXXX,XXXX,XXXX,XXXX,XXXX,XXXX,
W6,XXXX,XXXX,XXXX,XXXX,XXXX,XXXX,XXXX,XXXX,XXXX,XXXX,XXXX,XXXX,XXXX,XXXX,XXXX,XXXX,XXXX,XXXX,XXXX,XXXX,XXXX,XXXX,XXXX,XXXX,XXXX,XXXX,XXXX,XXXX,XXXX,XXXX,XXXX,XXXX,XXXX,XXXX,XXXX,XXXX,XXXX,XXXX,XXXX,XXXX,XXXX,XXXX,XXXX,XXXX,XXXX,XXXX,XXXX,XXXX,XXXX,XXXX,XXXX,XXXX,XXXX,XXXX,XXXX,XXXX,XXXX,XXXX,XXXX,XXXX,XXXX,XXXX,XXXX,XXXX,XXXX,XXXX,XXXX,XXXX,XXXX,XXXX,XXXX,XXXX,XXXX,XXXX,XXXX,XXXX,XXXX,XXXX,XXXX,XXXX,XXXX,XXXX,XXXX,XXXX,XXXX,XXXX,XXXX,XXXX,XXXX,XXXX,XXXX,XXXX,XXXX,XXXX,XXXX,XXXX,XXXX,XXXX,XXXX,XXXX,XXXX,XXXX,XXXX,XXXX,XXXX,XXXX,XXXX,XXXX,XXXX,XXXX,XXXX,XXXX,XXXX,XXXX,XXXX,XXXX,XXXX,XXXX,XXXX,XXXX,XXXX,XXXX,XXXX,XXXX,XXXX,XXXX,XXXX,XXXX,XXXX,XXXX,XXXX,XXXX,XXXX,XXXX,XXXX,XXXX,XXXX,XXXX,XXXX,XXXX,XXXX,XXXX,XXXX,XXXX,XXXX,XXXX,XXXX,XXXX,XXXX,XXXX,XXXX,XXXX,XXXX,XXXX,XXXX,XXXX,XXXX,XXXX,XXXX,XXXX,XXXX,XXXX,XXXX,XXXX,XXXX,XXXX,XXXX,XXXX,XXXX,XXXX,XXXX,XXXX,CFG_INPUTMUX<6>,XXXX,XXXX,XXXX,XXXX,XXXX,XXXX,XXXX,
W7,XXXX,XXXX,XXXX,XXXX,XXXX,XXXX,XXXX,XXXX,XXXX,XXXX,XXXX,XXXX,XXXX,XXXX,XXXX,XXXX,XXXX,XXXX,XXXX,XXXX,XXXX,XXXX,XXXX,XXXX,XXXX,XXXX,XXXX,XXXX,XXXX,XXXX,XXXX,XXXX,XXXX,XXXX,XXXX,XXXX,XXXX,XXXX,XXXX,XXXX,XXXX,XXXX,XXXX,XXXX,XXXX,XXXX,XXXX,XXXX,XXXX,XXXX,XXXX,XXXX,XXXX,XXXX,XXXX,XXXX,XXXX,XXXX,XXXX,XXXX,XXXX,XXXX,XXXX,XXXX,XXXX,XXXX,XXXX,XXXX,XXXX,XXXX,XXXX,XXXX,XXXX,XXXX,XXXX,XXXX,XXXX,XXXX,XXXX,XXXX,XXXX,XXXX,XXXX,XXXX,XXXX,XXXX,XXXX,XXXX,XXXX,XXXX,XXXX,XXXX,XXXX,XXXX,XXXX,XXXX,XXXX,XXXX,XXXX,XXXX,XXXX,XXXX,XXXX,XXXX,XXXX,XXXX,XXXX,XXXX,XXXX,XXXX,XXXX,XXXX,XXXX,XXXX,XXXX,XXXX,XXXX,XXXX,XXXX,XXXX,XXXX,XXXX,XXXX,XXXX,XXXX,XXXX,XXXX,XXXX,XXXX,XXXX,XXXX,XXXX,XXXX,XXXX,XXXX,XXXX,XXXX,XXXX,XXXX,XXXX,XXXX,XXXX,XXXX,XXXX,XXXX,XXXX,XXXX,XXXX,XXXX,XXXX,XXXX,XXXX,XXXX,XXXX,XXXX,XXXX,XXXX,XXXX,XXXX,XXXX,XXXX,XXXX,XXXX,XXXX,XXXX,XXXX,XXXX,XXXX,XXXX,XXXX,XXXX,XXXX,CFG_INPUTMUX<7>,XXXX,XXXX,XXXX,XXXX,XXXX,XXXX,XXXX,
W8,XXXX,XXXX,XXXX,XXXX,XXXX,XXXX,XXXX,XXXX,XXXX,XXXX,XXXX,XXXX,XXXX,XXXX,XXXX,XXXX,XXXX,XXXX,XXXX,XXXX,XXXX,XXXX,XXXX,XXXX,XXXX,XXXX,XXXX,XXXX,XXXX,XXXX,XXXX,XXXX,XXXX,XXXX,XXXX,XXXX,XXXX,XXXX,XXXX,XXXX,XXXX,XXXX,XXXX,XXXX,XXXX,XXXX,XXXX,XXXX,XXXX,XXXX,XXXX,XXXX,XXXX,XXXX,XXXX,XXXX,XXXX,XXXX,XXXX,XXXX,XXXX,XXXX,XXXX,XXXX,XXXX,XXXX,XXXX,XXXX,XXXX,XXXX,XXXX,XXXX,XXXX,XXXX,XXXX,XXXX,XXXX,XXXX,XXXX,XXXX,XXXX,XXXX,XXXX,XXXX,XXXX,XXXX,XXXX,XXXX,XXXX,XXXX,XXXX,XXXX,XXXX,XXXX,XXXX,XXXX,XXXX,XXXX,XXXX,XXXX,XXXX,XXXX,XXXX,XXXX,XXXX,XXXX,XXXX,XXXX,XXXX,XXXX,XXXX,XXXX,XXXX,XXXX,XXXX,XXXX,XXXX,XXXX,XXXX,XXXX,XXXX,XXXX,XXXX,XXXX,XXXX,XXXX,XXXX,XXXX,XXXX,XXXX,XXXX,XXXX,XXXX,XXXX,XXXX,XXXX,XXXX,XXXX,XXXX,XXXX,XXXX,XXXX,XXXX,XXXX,XXXX,XXXX,XXXX,XXXX,XXXX,XXXX,XXXX,XXXX,XXXX,XXXX,XXXX,XXXX,XXXX,XXXX,XXXX,XXXX,XXXX,XXXX,XXXX,XXXX,XXXX,XXXX,XXXX,XXXX,XXXX,XXXX,XXXX,XXXX,CFG_INPUTMUX<8>,XXXX,XXXX,XXXX,XXXX,XXXX,XXXX,XXXX,
W9,XXXX,XXXX,XXXX,XXXX,XXXX,XXXX,XXXX,XXXX,XXXX,XXXX,XXXX,XXXX,XXXX,XXXX,XXXX,XXXX,XXXX,XXXX,XXXX,XXXX,XXXX,XXXX,XXXX,XXXX,XXXX,XXXX,XXXX,XXXX,XXXX,XXXX,XXXX,XXXX,XXXX,XXXX,XXXX,XXXX,XXXX,XXXX,XXXX,XXXX,XXXX,XXXX,XXXX,XXXX,XXXX,XXXX,XXXX,XXXX,XXXX,XXXX,XXXX,XXXX,XXXX,XXXX,XXXX,XXXX,XXXX,XXXX,XXXX,XXXX,XXXX,XXXX,XXXX,XXXX,XXXX,XXXX,XXXX,XXXX,XXXX,XXXX,XXXX,XXXX,XXXX,XXXX,XXXX,XXXX,XXXX,XXXX,XXXX,XXXX,XXXX,XXXX,XXXX,XXXX,XXXX,XXXX,XXXX,XXXX,XXXX,XXXX,XXXX,XXXX,XXXX,XXXX,XXXX,XXXX,XXXX,XXXX,XXXX,XXXX,XXXX,XXXX,XXXX,XXXX,XXXX,XXXX,XXXX,XXXX,XXXX,XXXX,XXXX,XXXX,XXXX,XXXX,XXXX,XXXX,XXXX,XXXX,XXXX,XXXX,XXXX,XXXX,XXXX,XXXX,XXXX,XXXX,XXXX,XXXX,XXXX,XXXX,XXXX,XXXX,XXXX,XXXX,XXXX,XXXX,XXXX,XXXX,XXXX,XXXX,XXXX,XXXX,XXXX,XXXX,XXXX,XXXX,XXXX,XXXX,XXXX,XXXX,XXXX,XXXX,XXXX,XXXX,XXXX,XXXX,XXXX,XXXX,XXXX,XXXX,XXXX,XXXX,XXXX,XXXX,XXXX,XXXX,XXXX,XXXX,XXXX,XXXX,XXXX,XXXX,CFG_INPUTMUX<9>,XXXX,XXXX,XXXX,XXXX,XXXX,XXXX,XXXX,
W10,XXXX,XXXX,XXXX,XXXX,XXXX,XXXX,XXXX,XXXX,XXXX,XXXX,XXXX,XXXX,XXXX,XXXX,XXXX,XXXX,XXXX,XXXX,XXXX,XXXX,XXXX,XXXX,XXXX,XXXX,XXXX,XXXX,XXXX,XXXX,XXXX,XXXX,XXXX,XXXX,XXXX,XXXX,XXXX,XXXX,XXXX,XXXX,XXXX,XXXX,XXXX,XXXX,XXXX,XXXX,XXXX,XXXX,XXXX,XXXX,XXXX,XXXX,XXXX,XXXX,XXXX,XXXX,XXXX,XXXX,XXXX,XXXX,XXXX,XXXX,XXXX,XXXX,XXXX,XXXX,XXXX,XXXX,XXXX,XXXX,XXXX,XXXX,XXXX,XXXX,XXXX,XXXX,XXXX,XXXX,XXXX,XXXX,XXXX,XXXX,XXXX,XXXX,XXXX,XXXX,XXXX,XXXX,XXXX,XXXX,XXXX,XXXX,XXXX,XXXX,XXXX,XXXX,XXXX,XXXX,XXXX,XXXX,XXXX,XXXX,XXXX,XXXX,XXXX,XXXX,XXXX,XXXX,XXXX,XXXX,XXXX,XXXX,XXXX,XXXX,XXXX,XXXX,XXXX,XXXX,XXXX,XXXX,XXXX,XXXX,XXXX,XXXX,XXXX,XXXX,XXXX,XXXX,XXXX,XXXX,XXXX,XXXX,XXXX,XXXX,XXXX,XXXX,XXXX,XXXX,XXXX,XXXX,XXXX,XXXX,XXXX,XXXX,XXXX,XXXX,XXXX,XXXX,XXXX,XXXX,XXXX,XXXX,XXXX,XXXX,XXXX,XXXX,XXXX,XXXX,XXXX,XXXX,XXXX,XXXX,XXXX,XXXX,XXXX,XXXX,XXXX,XXXX,XXXX,XXXX,XXXX,XXXX,XXXX,XXXX,CFG_INPUTMUX<10>,XXXX,XXXX,XXXX,XXXX,XXXX,XXXX,XXXX,
W11,XXXX,XXXX,XXXX,XXXX,XXXX,XXXX,XXXX,XXXX,XXXX,XXXX,XXXX,XXXX,XXXX,XXXX,XXXX,XXXX,XXXX,XXXX,XXXX,XXXX,XXXX,XXXX,XXXX,XXXX,XXXX,XXXX,XXXX,XXXX,XXXX,XXXX,XXXX,XXXX,XXXX,XXXX,XXXX,XXXX,XXXX,XXXX,XXXX,XXXX,XXXX,XXXX,XXXX,XXXX,XXXX,XXXX,XXXX,XXXX,XXXX,XXXX,XXXX,XXXX,XXXX,XXXX,XXXX,XXXX,XXXX,XXXX,XXXX,XXXX,XXXX,XXXX,XXXX,XXXX,XXXX,XXXX,XXXX,XXXX,XXXX,XXXX,XXXX,XXXX,XXXX,XXXX,XXXX,XXXX,XXXX,XXXX,XXXX,XXXX,XXXX,XXXX,XXXX,XXXX,XXXX,XXXX,XXXX,XXXX,XXXX,XXXX,XXXX,XXXX,XXXX,XXXX,XXXX,XXXX,XXXX,XXXX,XXXX,XXXX,XXXX,XXXX,XXXX,XXXX,XXXX,XXXX,XXXX,XXXX,XXXX,XXXX,XXXX,XXXX,XXXX,XXXX,XXXX,XXXX,XXXX,XXXX,XXXX,XXXX,XXXX,XXXX,XXXX,XXXX,XXXX,XXXX,XXXX,XXXX,XXXX,XXXX,XXXX,XXXX,XXXX,XXXX,XXXX,XXXX,XXXX,XXXX,XXXX,XXXX,XXXX,XXXX,XXXX,XXXX,XXXX,XXXX,XXXX,XXXX,XXXX,XXXX,XXXX,XXXX,XXXX,XXXX,XXXX,XXXX,XXXX,XXXX,XXXX,XXXX,XXXX,XXXX,XXXX,XXXX,XXXX,XXXX,XXXX,XXXX,XXXX,XXXX,XXXX,XXXX,CFG_INPUTMUX<11>,XXXX,XXXX,XXXX,XXXX,XXXX,XXXX,XXXX,
W12,XXXX,XXXX,XXXX,XXXX,XXXX,XXXX,XXXX,XXXX,XXXX,XXXX,XXXX,XXXX,XXXX,XXXX,XXXX,XXXX,XXXX,XXXX,XXXX,XXXX,XXXX,XXXX,XXXX,XXXX,XXXX,XXXX,XXXX,XXXX,XXXX,XXXX,XXXX,XXXX,XXXX,XXXX,XXXX,XXXX,XXXX,XXXX,XXXX,XXXX,XXXX,XXXX,XXXX,XXXX,XXXX,XXXX,XXXX,XXXX,XXXX,XXXX,XXXX,XXXX,XXXX,XXXX,XXXX,XXXX,XXXX,XXXX,XXXX,XXXX,XXXX,XXXX,XXXX,XXXX,XXXX,XXXX,XXXX,XXXX,XXXX,XXXX,XXXX,XXXX,XXXX,XXXX,XXXX,XXXX,XXXX,XXXX,XXXX,XXXX,XXXX,XXXX,XXXX,XXXX,XXXX,XXXX,XXXX,XXXX,XXXX,XXXX,XXXX,XXXX,XXXX,XXXX,XXXX,XXXX,XXXX,XXXX,XXXX,XXXX,XXXX,XXXX,XXXX,XXXX,XXXX,XXXX,XXXX,XXXX,XXXX,XXXX,XXXX,XXXX,XXXX,XXXX,XXXX,XXXX,XXXX,XXXX,XXXX,XXXX,XXXX,XXXX,XXXX,XXXX,XXXX,XXXX,XXXX,XXXX,XXXX,XXXX,XXXX,XXXX,XXXX,XXXX,XXXX,XXXX,XXXX,XXXX,XXXX,XXXX,XXXX,XXXX,XXXX,XXXX,XXXX,XXXX,XXXX,XXXX,XXXX,XXXX,XXXX,XXXX,XXXX,XXXX,XXXX,XXXX,XXXX,XXXX,XXXX,XXXX,XXXX,XXXX,XXXX,XXXX,XXXX,XXXX,XXXX,XXXX,XXXX,CFG_BBMUXE0<8>,CFG_BBMUXE0<6>,CFG_BBMUXE0<4>,CFG_BBMUXE0<2>,CFG_BBMUXE0<0>,CFG_SEAMMUX<5>,CFG_SEAMMUX<4>,CFG_SEAMMUX<3>,CFG_SEAMMUX<2>,CFG_SEAMMUX<1>,CFG_SEAMMUX<0>,
W13,XXXX,XXXX,XXXX,XXXX,XXXX,XXXX,XXXX,XXXX,XXXX,XXXX,XXXX,XXXX,XXXX,XXXX,XXXX,XXXX,XXXX,XXXX,XXXX,XXXX,XXXX,XXXX,XXXX,XXXX,XXXX,XXXX,XXXX,XXXX,XXXX,XXXX,XXXX,XXXX,XXXX,XXXX,XXXX,XXXX,XXXX,XXXX,XXXX,XXXX,XXXX,XXXX,XXXX,XXXX,XXXX,XXXX,XXXX,XXXX,XXXX,XXXX,XXXX,XXXX,XXXX,XXXX,XXXX,XXXX,XXXX,XXXX,XXXX,XXXX,XXXX,XXXX,XXXX,XXXX,XXXX,XXXX,XXXX,XXXX,XXXX,XXXX,XXXX,XXXX,XXXX,XXXX,XXXX,XXXX,XXXX,XXXX,XXXX,XXXX,XXXX,XXXX,XXXX,XXXX,XXXX,XXXX,XXXX,XXXX,XXXX,XXXX,XXXX,XXXX,XXXX,XXXX,XXXX,XXXX,XXXX,XXXX,XXXX,XXXX,XXXX,XXXX,XXXX,XXXX,XXXX,XXXX,XXXX,XXXX,XXXX,XXXX,XXXX,XXXX,XXXX,XXXX,XXXX,XXXX,XXXX,XXXX,XXXX,XXXX,XXXX,XXXX,XXXX,XXXX,XXXX,XXXX,XXXX,XXXX,XXXX,XXXX,XXXX,XXXX,XXXX,XXXX,XXXX,XXXX,XXXX,XXXX,XXXX,XXXX,XXXX,XXXX,XXXX,XXXX,XXXX,XXXX,XXXX,XXXX,XXXX,XXXX,XXXX,XXXX,XXXX,XXXX,XXXX,XXXX,XXXX,XXXX,XXXX,XXXX,XXXX,XXXX,XXXX,XXXX,XXXX,XXXX,XXXX,XXXX,XXXX,XXXX,CFG_BBMUXE0<7>,CFG_BBMUXE0<5>,CFG_BBMUXE0<3>,CFG_BBMUXE0<1>,XXXX,XXXX,XXXX,XXXX,XXXX,XXXX,
W14,XXXX,XXXX,XXXX,XXXX,XXXX,XXXX,XXXX,XXXX,XXXX,XXXX,XXXX,XXXX,XXXX,XXXX,XXXX,XXXX,XXXX,XXXX,XXXX,XXXX,XXXX,XXXX,XXXX,XXXX,XXXX,XXXX,XXXX,XXXX,XXXX,XXXX,XXXX,XXXX,XXXX,XXXX,XXXX,XXXX,XXXX,XXXX,XXXX,XXXX,XXXX,XXXX,XXXX,XXXX,XXXX,XXXX,XXXX,XXXX,XXXX,XXXX,XXXX,XXXX,XXXX,XXXX,XXXX,XXXX,XXXX,XXXX,XXXX,XXXX,XXXX,XXXX,XXXX,XXXX,XXXX,XXXX,XXXX,XXXX,XXXX,XXXX,XXXX,XXXX,XXXX,XXXX,XXXX,XXXX,XXXX,XXXX,XXXX,XXXX,XXXX,XXXX,XXXX,XXXX,XXXX,XXXX,XXXX,XXXX,XXXX,XXXX,XXXX,XXXX,XXXX,XXXX,XXXX,XXXX,XXXX,XXXX,XXXX,XXXX,XXXX,XXXX,XXXX,XXXX,XXXX,XXXX,XXXX,XXXX,XXXX,XXXX,XXXX,XXXX,XXXX,XXXX,XXXX,XXXX,XXXX,XXXX,XXXX,XXXX,XXXX,XXXX,XXXX,XXXX,XXXX,XXXX,XXXX,XXXX,XXXX,XXXX,XXXX,XXXX,XXXX,XXXX,XXXX,XXXX,XXXX,XXXX,XXXX,XXXX,XXXX,XXXX,XXXX,XXXX,XXXX,XXXX,XXXX,XXXX,XXXX,XXXX,XXXX,XXXX,XXXX,XXXX,XXXX,XXXX,XXXX,XXXX,XXXX,XXXX,XXXX,XXXX,XXXX,XXXX,XXXX,XXXX,XXXX,XXXX,XXXX,CFG_BBMUXE1<8>,CFG_BBMUXE1<6>,CFG_BBMUXE1<4>,CFG_BBMUXE1<2>,CFG_BBMUXE1<0>,CFG_SEAMMUX<11>,CFG_SEAMMUX<10>,CFG_SEAMMUX<9>,CFG_SEAMMUX<8>,CFG_SEAMMUX<7>,CFG_SEAMMUX<6>,
W15,XXXX,XXXX,XXXX,XXXX,XXXX,XXXX,XXXX,XXXX,XXXX,XXXX,XXXX,XXXX,XXXX,XXXX,XXXX,XXXX,XXXX,XXXX,XXXX,XXXX,XXXX,XXXX,XXXX,XXXX,XXXX,XXXX,XXXX,XXXX,XXXX,XXXX,XXXX,XXXX,XXXX,XXXX,XXXX,XXXX,XXXX,XXXX,XXXX,XXXX,XXXX,XXXX,XXXX,XXXX,XXXX,XXXX,XXXX,XXXX,XXXX,XXXX,XXXX,XXXX,XXXX,XXXX,XXXX,XXXX,XXXX,XXXX,XXXX,XXXX,XXXX,XXXX,XXXX,XXXX,XXXX,XXXX,XXXX,XXXX,XXXX,XXXX,XXXX,XXXX,XXXX,XXXX,XXXX,XXXX,XXXX,XXXX,XXXX,XXXX,XXXX,XXXX,XXXX,XXXX,XXXX,XXXX,XXXX,XXXX,XXXX,XXXX,XXXX,XXXX,XXXX,XXXX,XXXX,XXXX,XXXX,XXXX,XXXX,XXXX,XXXX,XXXX,XXXX,XXXX,XXXX,XXXX,XXXX,XXXX,XXXX,XXXX,XXXX,XXXX,XXXX,XXXX,XXXX,XXXX,XXXX,XXXX,XXXX,XXXX,XXXX,XXXX,XXXX,XXXX,XXXX,XXXX,XXXX,XXXX,XXXX,XXXX,XXXX,XXXX,XXXX,XXXX,XXXX,XXXX,XXXX,XXXX,XXXX,XXXX,XXXX,XXXX,XXXX,XXXX,XXXX,XXXX,XXXX,XXXX,XXXX,XXXX,XXXX,XXXX,XXXX,XXXX,XXXX,XXXX,XXXX,XXXX,XXXX,XXXX,XXXX,XXXX,XXXX,XXXX,XXXX,XXXX,XXXX,XXXX,XXXX,XXXX,CFG_BBMUXE1<7>,CFG_BBMUXE1<5>,CFG_BBMUXE1<3>,CFG_BBMUXE1<1>,XXXX,XXXX,XXXX,XXXX,XXXX,XXXX,
W16,XXXX,XXXX,XXXX,XXXX,XXXX,XXXX,XXXX,XXXX,XXXX,XXXX,XXXX,XXXX,XXXX,XXXX,XXXX,XXXX,XXXX,XXXX,XXXX,XXXX,XXXX,XXXX,XXXX,XXXX,XXXX,XXXX,XXXX,XXXX,XXXX,XXXX,XXXX,XXXX,XXXX,XXXX,XXXX,XXXX,XXXX,XXXX,XXXX,XXXX,XXXX,XXXX,XXXX,XXXX,XXXX,XXXX,XXXX,XXXX,XXXX,XXXX,XXXX,XXXX,XXXX,XXXX,XXXX,XXXX,XXXX,XXXX,XXXX,XXXX,XXXX,XXXX,XXXX,XXXX,XXXX,XXXX,XXXX,XXXX,XXXX,XXXX,XXXX,XXXX,XXXX,XXXX,XXXX,XXXX,XXXX,XXXX,XXXX,XXXX,XXXX,XXXX,XXXX,XXXX,XXXX,XXXX,XXXX,XXXX,XXXX,XXXX,XXXX,XXXX,XXXX,XXXX,XXXX,XXXX,XXXX,XXXX,XXXX,XXXX,XXXX,XXXX,XXXX,XXXX,XXXX,XXXX,XXXX,XXXX,XXXX,XXXX,XXXX,XXXX,XXXX,XXXX,XXXX,XXXX,XXXX,XXXX,XXXX,XXXX,XXXX,XXXX,XXXX,XXXX,XXXX,XXXX,XXXX,XXXX,XXXX,XXXX,XXXX,XXXX,XXXX,XXXX,XXXX,XXXX,XXXX,XXXX,XXXX,XXXX,XXXX,XXXX,XXXX,XXXX,XXXX,XXXX,XXXX,XXXX,XXXX,XXXX,XXXX,XXXX,XXXX,XXXX,XXXX,XXXX,XXXX,XXXX,XXXX,XXXX,XXXX,XXXX,XXXX,XXXX,XXXX,XXXX,XXXX,XXXX,XXXX,CFG_BBMUXE2<8>,CFG_BBMUXE2<6>,CFG_BBMUXE2<4>,CFG_BBMUXE2<2>,CFG_BBMUXE2<0>,CFG_SEAMMUX<17>,CFG_SEAMMUX<16>,CFG_SEAMMUX<15>,CFG_SEAMMUX<14>,CFG_SEAMMUX<13>,CFG_SEAMMUX<12>,
W17,XXXX,XXXX,XXXX,XXXX,XXXX,XXXX,XXXX,XXXX,XXXX,XXXX,XXXX,XXXX,XXXX,XXXX,XXXX,XXXX,XXXX,XXXX,XXXX,XXXX,XXXX,XXXX,XXXX,XXXX,XXXX,XXXX,XXXX,XXXX,XXXX,XXXX,XXXX,XXXX,XXXX,XXXX,XXXX,XXXX,XXXX,XXXX,XXXX,XXXX,XXXX,XXXX,XXXX,XXXX,XXXX,XXXX,XXXX,XXXX,XXXX,XXXX,XXXX,XXXX,XXXX,XXXX,XXXX,XXXX,XXXX,XXXX,XXXX,XXXX,XXXX,XXXX,XXXX,XXXX,XXXX,XXXX,XXXX,XXXX,XXXX,XXXX,XXXX,XXXX,XXXX,XXXX,XXXX,XXXX,XXXX,XXXX,XXXX,XXXX,XXXX,XXXX,XXXX,XXXX,XXXX,XXXX,XXXX,XXXX,XXXX,XXXX,XXXX,XXXX,XXXX,XXXX,XXXX,XXXX,XXXX,XXXX,XXXX,XXXX,XXXX,XXXX,XXXX,XXXX,XXXX,XXXX,XXXX,XXXX,XXXX,XXXX,XXXX,XXXX,XXXX,XXXX,XXXX,XXXX,XXXX,XXXX,XXXX,XXXX,XXXX,XXXX,XXXX,XXXX,XXXX,XXXX,XXXX,XXXX,XXXX,XXXX,XXXX,XXXX,XXXX,XXXX,XXXX,XXXX,XXXX,XXXX,XXXX,XXXX,XXXX,XXXX,XXXX,XXXX,XXXX,XXXX,XXXX,XXXX,XXXX,XXXX,XXXX,XXXX,XXXX,XXXX,XXXX,XXXX,XXXX,XXXX,XXXX,XXXX,XXXX,XXXX,XXXX,XXXX,XXXX,XXXX,XXXX,XXXX,XXXX,XXXX,CFG_BBMUXE2<7>,CFG_BBMUXE2<5>,CFG_BBMUXE2<3>,CFG_BBMUXE2<1>,XXXX,XXXX,XXXX,XXXX,XXXX,XXXX,
W18,XXXX,XXXX,XXXX,XXXX,XXXX,XXXX,XXXX,XXXX,XXXX,XXXX,XXXX,XXXX,XXXX,XXXX,XXXX,XXXX,XXXX,XXXX,XXXX,XXXX,XXXX,XXXX,XXXX,XXXX,XXXX,XXXX,XXXX,XXXX,XXXX,XXXX,XXXX,XXXX,XXXX,XXXX,XXXX,XXXX,XXXX,XXXX,XXXX,XXXX,XXXX,XXXX,XXXX,XXXX,XXXX,XXXX,XXXX,XXXX,XXXX,XXXX,XXXX,XXXX,XXXX,XXXX,XXXX,XXXX,XXXX,XXXX,XXXX,XXXX,XXXX,XXXX,XXXX,XXXX,XXXX,XXXX,XXXX,XXXX,XXXX,XXXX,XXXX,XXXX,XXXX,XXXX,XXXX,XXXX,XXXX,XXXX,XXXX,XXXX,XXXX,XXXX,XXXX,XXXX,XXXX,XXXX,XXXX,XXXX,XXXX,XXXX,XXXX,XXXX,XXXX,XXXX,XXXX,XXXX,XXXX,XXXX,XXXX,XXXX,XXXX,XXXX,XXXX,XXXX,XXXX,XXXX,XXXX,XXXX,XXXX,XXXX,XXXX,XXXX,XXXX,XXXX,XXXX,XXXX,XXXX,XXXX,XXXX,XXXX,XXXX,XXXX,XXXX,XXXX,XXXX,XXXX,XXXX,XXXX,XXXX,XXXX,XXXX,XXXX,XXXX,XXXX,XXXX,XXXX,XXXX,XXXX,XXXX,XXXX,XXXX,XXXX,XXXX,XXXX,XXXX,XXXX,XXXX,XXXX,XXXX,XXXX,XXXX,XXXX,XXXX,XXXX,XXXX,XXXX,XXXX,XXXX,XXXX,XXXX,XXXX,XXXX,XXXX,XXXX,XXXX,XXXX,XXXX,XXXX,XXXX,CFG_BBMUXE3<8>,CFG_BBMUXE3<6>,CFG_BBMUXE3<4>,CFG_BBMUXE3<2>,CFG_BBMUXE3<0>,CFG_SEAMMUX<23>,CFG_SEAMMUX<22>,CFG_SEAMMUX<21>,CFG_SEAMMUX<20>,CFG_SEAMMUX<19>,CFG_SEAMMUX<18>,
W19,XXXX,XXXX,XXXX,XXXX,XXXX,XXXX,XXXX,XXXX,XXXX,XXXX,XXXX,XXXX,XXXX,XXXX,XXXX,XXXX,XXXX,XXXX,XXXX,XXXX,XXXX,XXXX,XXXX,XXXX,XXXX,XXXX,XXXX,XXXX,XXXX,XXXX,XXXX,XXXX,XXXX,XXXX,XXXX,XXXX,XXXX,XXXX,XXXX,XXXX,XXXX,XXXX,XXXX,XXXX,XXXX,XXXX,XXXX,XXXX,XXXX,XXXX,XXXX,XXXX,XXXX,XXXX,XXXX,XXXX,XXXX,XXXX,XXXX,XXXX,XXXX,XXXX,XXXX,XXXX,XXXX,XXXX,XXXX,XXXX,XXXX,XXXX,XXXX,XXXX,XXXX,XXXX,XXXX,XXXX,XXXX,XXXX,XXXX,XXXX,XXXX,XXXX,XXXX,XXXX,XXXX,XXXX,XXXX,XXXX,XXXX,XXXX,XXXX,XXXX,XXXX,XXXX,XXXX,XXXX,XXXX,XXXX,XXXX,XXXX,XXXX,XXXX,XXXX,XXXX,XXXX,XXXX,XXXX,XXXX,XXXX,XXXX,XXXX,XXXX,XXXX,XXXX,XXXX,XXXX,XXXX,XXXX,XXXX,XXXX,XXXX,XXXX,XXXX,XXXX,XXXX,XXXX,XXXX,XXXX,XXXX,XXXX,XXXX,XXXX,XXXX,XXXX,XXXX,XXXX,XXXX,XXXX,XXXX,XXXX,XXXX,XXXX,XXXX,XXXX,XXXX,XXXX,XXXX,XXXX,XXXX,XXXX,XXXX,XXXX,XXXX,XXXX,XXXX,XXXX,XXXX,XXXX,XXXX,XXXX,XXXX,XXXX,XXXX,XXXX,XXXX,XXXX,XXXX,XXXX,XXXX,XXXX,CFG_BBMUXE3<7>,CFG_BBMUXE3<5>,CFG_BBMUXE3<3>,CFG_BBMUXE3<1>,XXXX,XXXX,XXXX,XXXX,XXXX,XXXX,
W20,XXXX,XXXX,XXXX,XXXX,XXXX,XXXX,XXXX,XXXX,XXXX,XXXX,XXXX,XXXX,XXXX,XXXX,XXXX,XXXX,XXXX,XXXX,XXXX,XXXX,XXXX,XXXX,XXXX,XXXX,XXXX,XXXX,XXXX,XXXX,XXXX,XXXX,XXXX,XXXX,XXXX,XXXX,XXXX,XXXX,XXXX,XXXX,XXXX,XXXX,XXXX,XXXX,XXXX,XXXX,XXXX,XXXX,XXXX,XXXX,XXXX,XXXX,XXXX,XXXX,XXXX,XXXX,XXXX,XXXX,XXXX,XXXX,XXXX,XXXX,XXXX,XXXX,XXXX,XXXX,XXXX,XXXX,XXXX,XXXX,XXXX,XXXX,XXXX,XXXX,XXXX,XXXX,XXXX,XXXX,XXXX,XXXX,XXXX,XXXX,XXXX,XXXX,XXXX,XXXX,XXXX,XXXX,XXXX,XXXX,XXXX,XXXX,XXXX,XXXX,XXXX,XXXX,XXXX,XXXX,XXXX,XXXX,XXXX,XXXX,XXXX,XXXX,XXXX,XXXX,XXXX,XXXX,XXXX,XXXX,XXXX,XXXX,XXXX,XXXX,XXXX,XXXX,XXXX,XXXX,XXXX,XXXX,XXXX,XXXX,XXXX,XXXX,XXXX,XXXX,XXXX,XXXX,XXXX,XXXX,XXXX,XXXX,XXXX,XXXX,XXXX,XXXX,XXXX,XXXX,XXXX,XXXX,XXXX,XXXX,XXXX,XXXX,XXXX,XXXX,XXXX,XXXX,XXXX,XXXX,XXXX,XXXX,XXXX,XXXX,XXXX,XXXX,XXXX,XXXX,XXXX,XXXX,XXXX,XXXX,XXXX,XXXX,XXXX,XXXX,XXXX,XXXX,XXXX,XXXX,XXXX,CFG_BBMUXE4<8>,CFG_BBMUXE4<6>,CFG_BBMUXE4<4>,CFG_BBMUXE4<2>,CFG_BBMUXE4<0>,CFG_SEAMMUX<29>,CFG_SEAMMUX<28>,CFG_SEAMMUX<27>,CFG_SEAMMUX<26>,CFG_SEAMMUX<25>,CFG_SEAMMUX<24>,
W21,XXXX,XXXX,XXXX,XXXX,XXXX,XXXX,XXXX,XXXX,XXXX,XXXX,XXXX,XXXX,XXXX,XXXX,XXXX,XXXX,XXXX,XXXX,XXXX,XXXX,XXXX,XXXX,XXXX,XXXX,XXXX,XXXX,XXXX,XXXX,XXXX,XXXX,XXXX,XXXX,XXXX,XXXX,XXXX,XXXX,XXXX,XXXX,XXXX,XXXX,XXXX,XXXX,XXXX,XXXX,XXXX,XXXX,XXXX,XXXX,XXXX,XXXX,XXXX,XXXX,XXXX,XXXX,XXXX,XXXX,XXXX,XXXX,XXXX,XXXX,XXXX,XXXX,XXXX,XXXX,XXXX,XXXX,XXXX,XXXX,XXXX,XXXX,XXXX,XXXX,XXXX,XXXX,XXXX,XXXX,XXXX,XXXX,XXXX,XXXX,XXXX,XXXX,XXXX,XXXX,XXXX,XXXX,XXXX,XXXX,XXXX,XXXX,XXXX,XXXX,XXXX,XXXX,XXXX,XXXX,XXXX,XXXX,XXXX,XXXX,XXXX,XXXX,XXXX,XXXX,XXXX,XXXX,XXXX,XXXX,XXXX,XXXX,XXXX,XXXX,XXXX,XXXX,XXXX,XXXX,XXXX,XXXX,XXXX,XXXX,XXXX,XXXX,XXXX,XXXX,XXXX,XXXX,XXXX,XXXX,XXXX,XXXX,XXXX,XXXX,XXXX,XXXX,XXXX,XXXX,XXXX,XXXX,XXXX,XXXX,XXXX,XXXX,XXXX,XXXX,XXXX,XXXX,XXXX,XXXX,XXXX,XXXX,XXXX,XXXX,XXXX,XXXX,XXXX,XXXX,XXXX,XXXX,XXXX,XXXX,XXXX,XXXX,XXXX,XXXX,XXXX,XXXX,XXXX,XXXX,XXXX,XXXX,CFG_BBMUXE4<7>,CFG_BBMUXE4<5>,CFG_BBMUXE4<3>,CFG_BBMUXE4<1>,XXXX,XXXX,XXXX,XXXX,XXXX,XXXX,
W22,XXXX,XXXX,XXXX,XXXX,XXXX,XXXX,XXXX,XXXX,XXXX,XXXX,XXXX,XXXX,XXXX,XXXX,XXXX,XXXX,XXXX,XXXX,XXXX,XXXX,XXXX,XXXX,XXXX,XXXX,XXXX,XXXX,XXXX,XXXX,XXXX,XXXX,XXXX,XXXX,XXXX,XXXX,XXXX,XXXX,XXXX,XXXX,XXXX,XXXX,XXXX,XXXX,XXXX,XXXX,XXXX,XXXX,XXXX,XXXX,XXXX,XXXX,XXXX,XXXX,XXXX,XXXX,XXXX,XXXX,XXXX,XXXX,XXXX,XXXX,XXXX,XXXX,XXXX,XXXX,XXXX,XXXX,XXXX,XXXX,XXXX,XXXX,XXXX,XXXX,XXXX,XXXX,XXXX,XXXX,XXXX,XXXX,XXXX,XXXX,XXXX,XXXX,XXXX,XXXX,XXXX,XXXX,XXXX,XXXX,XXXX,XXXX,XXXX,XXXX,XXXX,XXXX,XXXX,XXXX,XXXX,XXXX,XXXX,XXXX,XXXX,XXXX,XXXX,XXXX,XXXX,XXXX,XXXX,XXXX,XXXX,XXXX,XXXX,XXXX,XXXX,XXXX,XXXX,XXXX,XXXX,XXXX,XXXX,XXXX,XXXX,XXXX,XXXX,XXXX,XXXX,XXXX,XXXX,XXXX,XXXX,XXXX,XXXX,XXXX,XXXX,XXXX,XXXX,XXXX,XXXX,XXXX,XXXX,XXXX,XXXX,XXXX,XXXX,XXXX,XXXX,XXXX,XXXX,XXXX,XXXX,XXXX,XXXX,XXXX,XXXX,XXXX,XXXX,XXXX,XXXX,XXXX,XXXX,XXXX,XXXX,XXXX,XXXX,XXXX,XXXX,XXXX,XXXX,XXXX,XXXX,CFG_BBMUXE5<8>,CFG_BBMUXE5<6>,CFG_BBMUXE5<4>,CFG_BBMUXE5<2>,CFG_BBMUXE5<0>,CFG_SEAMMUX<35>,CFG_SEAMMUX<34>,CFG_SEAMMUX<33>,CFG_SEAMMUX<32>,CFG_SEAMMUX<31>,CFG_SEAMMUX<30>,
W23,XXXX,XXXX,XXXX,XXXX,XXXX,XXXX,XXXX,XXXX,XXXX,XXXX,XXXX,XXXX,XXXX,XXXX,XXXX,XXXX,XXXX,XXXX,XXXX,XXXX,XXXX,XXXX,XXXX,XXXX,XXXX,XXXX,XXXX,XXXX,XXXX,XXXX,XXXX,XXXX,XXXX,XXXX,XXXX,XXXX,XXXX,XXXX,XXXX,XXXX,XXXX,XXXX,XXXX,XXXX,XXXX,XXXX,XXXX,XXXX,XXXX,XXXX,XXXX,XXXX,XXXX,XXXX,XXXX,XXXX,XXXX,XXXX,XXXX,XXXX,XXXX,XXXX,XXXX,XXXX,XXXX,XXXX,XXXX,XXXX,XXXX,XXXX,XXXX,XXXX,XXXX,XXXX,XXXX,XXXX,XXXX,XXXX,XXXX,XXXX,XXXX,XXXX,XXXX,XXXX,XXXX,XXXX,XXXX,XXXX,XXXX,XXXX,XXXX,XXXX,XXXX,XXXX,XXXX,XXXX,XXXX,XXXX,XXXX,XXXX,XXXX,XXXX,XXXX,XXXX,XXXX,XXXX,XXXX,XXXX,XXXX,XXXX,XXXX,XXXX,XXXX,XXXX,XXXX,XXXX,XXXX,XXXX,XXXX,XXXX,XXXX,XXXX,XXXX,XXXX,XXXX,XXXX,XXXX,XXXX,XXXX,XXXX,XXXX,XXXX,XXXX,XXXX,XXXX,XXXX,XXXX,XXXX,XXXX,XXXX,XXXX,XXXX,XXXX,XXXX,XXXX,XXXX,XXXX,XXXX,XXXX,XXXX,XXXX,XXXX,XXXX,XXXX,XXXX,XXXX,XXXX,XXXX,XXXX,XXXX,XXXX,XXXX,XXXX,XXXX,XXXX,XXXX,XXXX,XXXX,XXXX,XXXX,CFG_BBMUXE5<7>,CFG_BBMUXE5<5>,CFG_BBMUXE5<3>,CFG_BBMUXE5<1>,XXXX,XXXX,XXXX,XXXX,XXXX,XXXX,
W24,XXXX,XXXX,XXXX,XXXX,XXXX,XXXX,XXXX,XXXX,XXXX,XXXX,XXXX,XXXX,XXXX,XXXX,XXXX,XXXX,XXXX,XXXX,XXXX,XXXX,XXXX,XXXX,XXXX,XXXX,XXXX,XXXX,XXXX,XXXX,XXXX,XXXX,XXXX,XXXX,XXXX,XXXX,XXXX,XXXX,XXXX,XXXX,XXXX,XXXX,XXXX,XXXX,XXXX,XXXX,XXXX,XXXX,XXXX,XXXX,XXXX,XXXX,XXXX,XXXX,XXXX,XXXX,XXXX,XXXX,XXXX,XXXX,XXXX,XXXX,XXXX,XXXX,XXXX,XXXX,XXXX,XXXX,XXXX,XXXX,XXXX,XXXX,XXXX,XXXX,XXXX,XXXX,XXXX,XXXX,XXXX,XXXX,XXXX,XXXX,XXXX,XXXX,XXXX,XXXX,XXXX,XXXX,XXXX,XXXX,XXXX,XXXX,XXXX,XXXX,XXXX,XXXX,XXXX,XXXX,XXXX,XXXX,XXXX,XXXX,XXXX,XXXX,XXXX,XXXX,XXXX,XXXX,XXXX,XXXX,XXXX,XXXX,XXXX,XXXX,XXXX,XXXX,XXXX,XXXX,XXXX,XXXX,XXXX,XXXX,XXXX,XXXX,XXXX,XXXX,XXXX,XXXX,XXXX,XXXX,XXXX,XXXX,XXXX,XXXX,XXXX,XXXX,XXXX,XXXX,XXXX,XXXX,XXXX,XXXX,XXXX,XXXX,XXXX,XXXX,XXXX,XXXX,XXXX,XXXX,XXXX,XXXX,XXXX,XXXX,XXXX,XXXX,XXXX,XXXX,XXXX,XXXX,XXXX,XXXX,XXXX,XXXX,XXXX,XXXX,XXXX,XXXX,XXXX,XXXX,XXXX,CFG_BBMUXE6<8>,CFG_BBMUXE6<6>,CFG_BBMUXE6<4>,CFG_BBMUXE6<2>,CFG_BBMUXE6<0>,CFG_SEAMMUX<41>,CFG_SEAMMUX<40>,CFG_SEAMMUX<39>,CFG_SEAMMUX<38>,CFG_SEAMMUX<37>,CFG_SEAMMUX<36>,
W25,XXXX,XXXX,XXXX,XXXX,XXXX,XXXX,XXXX,XXXX,XXXX,XXXX,XXXX,XXXX,XXXX,XXXX,XXXX,XXXX,XXXX,XXXX,XXXX,XXXX,XXXX,XXXX,XXXX,XXXX,XXXX,XXXX,XXXX,XXXX,XXXX,XXXX,XXXX,XXXX,XXXX,XXXX,XXXX,XXXX,XXXX,XXXX,XXXX,XXXX,XXXX,XXXX,XXXX,XXXX,XXXX,XXXX,XXXX,XXXX,XXXX,XXXX,XXXX,XXXX,XXXX,XXXX,XXXX,XXXX,XXXX,XXXX,XXXX,XXXX,XXXX,XXXX,XXXX,XXXX,XXXX,XXXX,XXXX,XXXX,XXXX,XXXX,XXXX,XXXX,XXXX,XXXX,XXXX,XXXX,XXXX,XXXX,XXXX,XXXX,XXXX,XXXX,XXXX,XXXX,XXXX,XXXX,XXXX,XXXX,XXXX,XXXX,XXXX,XXXX,XXXX,XXXX,XXXX,XXXX,XXXX,XXXX,XXXX,XXXX,XXXX,XXXX,XXXX,XXXX,XXXX,XXXX,XXXX,XXXX,XXXX,XXXX,XXXX,XXXX,XXXX,XXXX,XXXX,XXXX,XXXX,XXXX,XXXX,XXXX,XXXX,XXXX,XXXX,XXXX,XXXX,XXXX,XXXX,XXXX,XXXX,XXXX,XXXX,XXXX,XXXX,XXXX,XXXX,XXXX,XXXX,XXXX,XXXX,XXXX,XXXX,XXXX,XXXX,XXXX,XXXX,XXXX,XXXX,XXXX,XXXX,XXXX,XXXX,XXXX,XXXX,XXXX,XXXX,XXXX,XXXX,XXXX,XXXX,XXXX,XXXX,XXXX,XXXX,XXXX,XXXX,XXXX,XXXX,XXXX,XXXX,XXXX,CFG_BBMUXE6<7>,CFG_BBMUXE6<5>,CFG_BBMUXE6<3>,CFG_BBMUXE6<1>,XXXX,XXXX,XXXX,XXXX,XXXX,XXXX,
W26,XXXX,XXXX,XXXX,XXXX,XXXX,XXXX,XXXX,XXXX,XXXX,XXXX,XXXX,XXXX,XXXX,XXXX,XXXX,XXXX,XXXX,XXXX,XXXX,XXXX,XXXX,XXXX,XXXX,XXXX,XXXX,XXXX,XXXX,XXXX,XXXX,XXXX,XXXX,XXXX,XXXX,XXXX,XXXX,XXXX,XXXX,XXXX,XXXX,XXXX,XXXX,XXXX,XXXX,XXXX,XXXX,XXXX,XXXX,XXXX,XXXX,XXXX,XXXX,XXXX,XXXX,XXXX,XXXX,XXXX,XXXX,XXXX,XXXX,XXXX,XXXX,XXXX,XXXX,XXXX,XXXX,XXXX,XXXX,XXXX,XXXX,XXXX,XXXX,XXXX,XXXX,XXXX,XXXX,XXXX,XXXX,XXXX,XXXX,XXXX,XXXX,XXXX,XXXX,XXXX,XXXX,XXXX,XXXX,XXXX,XXXX,XXXX,XXXX,XXXX,XXXX,XXXX,XXXX,XXXX,XXXX,XXXX,XXXX,XXXX,XXXX,XXXX,XXXX,XXXX,XXXX,XXXX,XXXX,XXXX,XXXX,XXXX,XXXX,XXXX,XXXX,XXXX,XXXX,XXXX,XXXX,XXXX,XXXX,XXXX,XXXX,XXXX,XXXX,XXXX,XXXX,XXXX,XXXX,XXXX,XXXX,XXXX,XXXX,XXXX,XXXX,XXXX,XXXX,XXXX,XXXX,XXXX,XXXX,XXXX,XXXX,XXXX,XXXX,XXXX,XXXX,XXXX,XXXX,XXXX,XXXX,XXXX,XXXX,XXXX,XXXX,XXXX,XXXX,XXXX,XXXX,XXXX,XXXX,XXXX,XXXX,XXXX,XXXX,XXXX,XXXX,XXXX,XXXX,XXXX,XXXX,CFG_BBMUXE7<8>,CFG_BBMUXE7<6>,CFG_BBMUXE7<4>,CFG_BBMUXE7<2>,CFG_BBMUXE7<0>,CFG_SEAMMUX<47>,CFG_SEAMMUX<46>,CFG_SEAMMUX<45>,CFG_SEAMMUX<44>,CFG_SEAMMUX<43>,CFG_SEAMMUX<42>,
W27,XXXX,XXXX,XXXX,XXXX,XXXX,XXXX,XXXX,XXXX,XXXX,XXXX,XXXX,XXXX,XXXX,XXXX,XXXX,XXXX,XXXX,XXXX,XXXX,XXXX,XXXX,XXXX,XXXX,XXXX,XXXX,XXXX,XXXX,XXXX,XXXX,XXXX,XXXX,XXXX,XXXX,XXXX,XXXX,XXXX,XXXX,XXXX,XXXX,XXXX,XXXX,XXXX,XXXX,XXXX,XXXX,XXXX,XXXX,XXXX,XXXX,XXXX,XXXX,XXXX,XXXX,XXXX,XXXX,XXXX,XXXX,XXXX,XXXX,XXXX,XXXX,XXXX,XXXX,XXXX,XXXX,XXXX,XXXX,XXXX,XXXX,XXXX,XXXX,XXXX,XXXX,XXXX,XXXX,XXXX,XXXX,XXXX,XXXX,XXXX,XXXX,XXXX,XXXX,XXXX,XXXX,XXXX,XXXX,XXXX,XXXX,XXXX,XXXX,XXXX,XXXX,XXXX,XXXX,XXXX,XXXX,XXXX,XXXX,XXXX,XXXX,XXXX,XXXX,XXXX,XXXX,XXXX,XXXX,XXXX,XXXX,XXXX,XXXX,XXXX,XXXX,XXXX,XXXX,XXXX,XXXX,XXXX,XXXX,XXXX,XXXX,XXXX,XXXX,XXXX,XXXX,XXXX,XXXX,XXXX,XXXX,XXXX,XXXX,XXXX,XXXX,XXXX,XXXX,XXXX,XXXX,XXXX,XXXX,XXXX,XXXX,XXXX,XXXX,XXXX,XXXX,XXXX,XXXX,XXXX,XXXX,XXXX,XXXX,XXXX,XXXX,XXXX,XXXX,XXXX,XXXX,XXXX,XXXX,XXXX,XXXX,XXXX,XXXX,XXXX,XXXX,XXXX,XXXX,XXXX,XXXX,XXXX,CFG_BBMUXE7<7>,CFG_BBMUXE7<5>,CFG_BBMUXE7<3>,CFG_BBMUXE7<1>,XXXX,XXXX,XXXX,XXXX,XXXX,XXXX,
W28,XXXX,XXXX,XXXX,XXXX,XXXX,XXXX,XXXX,XXXX,XXXX,XXXX,XXXX,XXXX,XXXX,XXXX,XXXX,XXXX,XXXX,XXXX,XXXX,XXXX,XXXX,XXXX,XXXX,XXXX,XXXX,XXXX,XXXX,XXXX,XXXX,XXXX,XXXX,XXXX,XXXX,XXXX,XXXX,XXXX,XXXX,XXXX,XXXX,XXXX,XXXX,XXXX,XXXX,XXXX,XXXX,XXXX,XXXX,XXXX,XXXX,XXXX,XXXX,XXXX,XXXX,XXXX,XXXX,XXXX,XXXX,XXXX,XXXX,XXXX,XXXX,XXXX,XXXX,XXXX,XXXX,XXXX,XXXX,XXXX,XXXX,XXXX,XXXX,XXXX,XXXX,XXXX,XXXX,XXXX,XXXX,XXXX,XXXX,XXXX,XXXX,XXXX,XXXX,XXXX,XXXX,XXXX,XXXX,XXXX,XXXX,XXXX,XXXX,XXXX,XXXX,XXXX,XXXX,XXXX,XXXX,XXXX,XXXX,XXXX,XXXX,XXXX,XXXX,XXXX,XXXX,XXXX,XXXX,XXXX,XXXX,XXXX,XXXX,XXXX,XXXX,XXXX,XXXX,XXXX,XXXX,XXXX,XXXX,XXXX,XXXX,XXXX,XXXX,XXXX,XXXX,XXXX,XXXX,XXXX,XXXX,XXXX,XXXX,XXXX,XXXX,XXXX,XXXX,XXXX,XXXX,XXXX,XXXX,XXXX,XXXX,XXXX,XXXX,XXXX,XXXX,XXXX,XXXX,XXXX,XXXX,XXXX,XXXX,XXXX,XXXX,XXXX,XXXX,XXXX,XXXX,XXXX,XXXX,XXXX,XXXX,XXXX,XXXX,XXXX,XXXX,XXXX,XXXX,XXXX,XXXX,CFG_BBMUXE8<8>,CFG_BBMUXE8<6>,CFG_BBMUXE8<4>,CFG_BBMUXE8<2>,CFG_BBMUXE8<0>,CFG_SEAMMUX<53>,CFG_SEAMMUX<52>,CFG_SEAMMUX<51>,CFG_SEAMMUX<50>,CFG_SEAMMUX<49>,CFG_SEAMMUX<48>,
W29,XXXX,XXXX,XXXX,XXXX,XXXX,XXXX,XXXX,XXXX,XXXX,XXXX,XXXX,XXXX,XXXX,XXXX,XXXX,XXXX,XXXX,XXXX,XXXX,XXXX,XXXX,XXXX,XXXX,XXXX,XXXX,XXXX,XXXX,XXXX,XXXX,XXXX,XXXX,XXXX,XXXX,XXXX,XXXX,XXXX,XXXX,XXXX,XXXX,XXXX,XXXX,XXXX,XXXX,XXXX,XXXX,XXXX,XXXX,XXXX,XXXX,XXXX,XXXX,XXXX,XXXX,XXXX,XXXX,XXXX,XXXX,XXXX,XXXX,XXXX,XXXX,XXXX,XXXX,XXXX,XXXX,XXXX,XXXX,XXXX,XXXX,XXXX,XXXX,XXXX,XXXX,XXXX,XXXX,XXXX,XXXX,XXXX,XXXX,XXXX,XXXX,XXXX,XXXX,XXXX,XXXX,XXXX,XXXX,XXXX,XXXX,XXXX,XXXX,XXXX,XXXX,XXXX,XXXX,XXXX,XXXX,XXXX,XXXX,XXXX,XXXX,XXXX,XXXX,XXXX,XXXX,XXXX,XXXX,XXXX,XXXX,XXXX,XXXX,XXXX,XXXX,XXXX,XXXX,XXXX,XXXX,XXXX,XXXX,XXXX,XXXX,XXXX,XXXX,XXXX,XXXX,XXXX,XXXX,XXXX,XXXX,XXXX,XXXX,XXXX,XXXX,XXXX,XXXX,XXXX,XXXX,XXXX,XXXX,XXXX,XXXX,XXXX,XXXX,XXXX,XXXX,XXXX,XXXX,XXXX,XXXX,XXXX,XXXX,XXXX,XXXX,XXXX,XXXX,XXXX,XXXX,XXXX,XXXX,XXXX,XXXX,XXXX,XXXX,XXXX,XXXX,XXXX,XXXX,XXXX,XXXX,XXXX,CFG_BBMUXE8<7>,CFG_BBMUXE8<5>,CFG_BBMUXE8<3>,CFG_BBMUXE8<1>,XXXX,XXXX,XXXX,XXXX,XXXX,XXXX,
W30,XXXX,XXXX,XXXX,XXXX,XXXX,XXXX,XXXX,XXXX,XXXX,XXXX,XXXX,XXXX,XXXX,XXXX,XXXX,XXXX,XXXX,XXXX,XXXX,XXXX,XXXX,XXXX,XXXX,XXXX,XXXX,XXXX,XXXX,XXXX,XXXX,XXXX,XXXX,XXXX,XXXX,XXXX,XXXX,XXXX,XXXX,XXXX,XXXX,XXXX,XXXX,XXXX,XXXX,XXXX,XXXX,XXXX,XXXX,XXXX,XXXX,XXXX,XXXX,XXXX,XXXX,XXXX,XXXX,XXXX,XXXX,XXXX,XXXX,XXXX,XXXX,XXXX,XXXX,XXXX,XXXX,XXXX,XXXX,XXXX,XXXX,XXXX,XXXX,XXXX,XXXX,XXXX,XXXX,XXXX,XXXX,XXXX,XXXX,XXXX,XXXX,XXXX,XXXX,XXXX,XXXX,XXXX,XXXX,XXXX,XXXX,XXXX,XXXX,XXXX,XXXX,XXXX,XXXX,XXXX,XXXX,XXXX,XXXX,XXXX,XXXX,XXXX,XXXX,XXXX,XXXX,XXXX,XXXX,XXXX,XXXX,XXXX,XXXX,XXXX,XXXX,XXXX,XXXX,XXXX,XXXX,XXXX,XXXX,XXXX,XXXX,XXXX,XXXX,XXXX,XXXX,XXXX,XXXX,XXXX,XXXX,XXXX,XXXX,XXXX,XXXX,XXXX,XXXX,XXXX,XXXX,XXXX,XXXX,XXXX,XXXX,XXXX,XXXX,XXXX,XXXX,XXXX,XXXX,XXXX,XXXX,XXXX,XXXX,XXXX,XXXX,XXXX,XXXX,XXXX,XXXX,XXXX,XXXX,XXXX,XXXX,XXXX,XXXX,XXXX,XXXX,XXXX,XXXX,XXXX,XXXX,CFG_BBMUXE9<8>,CFG_BBMUXE9<6>,CFG_BBMUXE9<4>,CFG_BBMUXE9<2>,CFG_BBMUXE9<0>,CFG_SEAMMUX<59>,CFG_SEAMMUX<58>,CFG_SEAMMUX<57>,CFG_SEAMMUX<56>,CFG_SEAMMUX<55>,CFG_SEAMMUX<54>,
W31,XXXX,XXXX,XXXX,XXXX,XXXX,XXXX,XXXX,XXXX,XXXX,XXXX,XXXX,XXXX,XXXX,XXXX,XXXX,XXXX,XXXX,XXXX,XXXX,XXXX,XXXX,XXXX,XXXX,XXXX,XXXX,XXXX,XXXX,XXXX,XXXX,XXXX,XXXX,XXXX,XXXX,XXXX,XXXX,XXXX,XXXX,XXXX,XXXX,XXXX,XXXX,XXXX,XXXX,XXXX,XXXX,XXXX,XXXX,XXXX,XXXX,XXXX,XXXX,XXXX,XXXX,XXXX,XXXX,XXXX,XXXX,XXXX,XXXX,XXXX,XXXX,XXXX,XXXX,XXXX,XXXX,XXXX,XXXX,XXXX,XXXX,XXXX,XXXX,XXXX,XXXX,XXXX,XXXX,XXXX,XXXX,XXXX,XXXX,XXXX,XXXX,XXXX,XXXX,XXXX,XXXX,XXXX,XXXX,XXXX,XXXX,XXXX,XXXX,XXXX,XXXX,XXXX,XXXX,XXXX,XXXX,XXXX,XXXX,XXXX,XXXX,XXXX,XXXX,XXXX,XXXX,XXXX,XXXX,XXXX,XXXX,XXXX,XXXX,XXXX,XXXX,XXXX,XXXX,XXXX,XXXX,XXXX,XXXX,XXXX,XXXX,XXXX,XXXX,XXXX,XXXX,XXXX,XXXX,XXXX,XXXX,XXXX,XXXX,XXXX,XXXX,XXXX,XXXX,XXXX,XXXX,XXXX,XXXX,XXXX,XXXX,XXXX,XXXX,XXXX,XXXX,XXXX,XXXX,XXXX,XXXX,XXXX,XXXX,XXXX,XXXX,XXXX,XXXX,XXXX,XXXX,XXXX,XXXX,XXXX,XXXX,XXXX,XXXX,XXXX,XXXX,XXXX,XXXX,XXXX,XXXX,XXXX,CFG_BBMUXE9<7>,CFG_BBMUXE9<5>,CFG_BBMUXE9<3>,CFG_BBMUXE9<1>,XXXX,XXXX,XXXX,XXXX,XXXX,XXXX,
W32,XXXX,XXXX,XXXX,XXXX,XXXX,XXXX,XXXX,XXXX,XXXX,XXXX,XXXX,XXXX,XXXX,XXXX,XXXX,XXXX,XXXX,XXXX,XXXX,XXXX,XXXX,XXXX,XXXX,XXXX,XXXX,XXXX,XXXX,XXXX,XXXX,XXXX,XXXX,XXXX,XXXX,XXXX,XXXX,XXXX,XXXX,XXXX,XXXX,XXXX,XXXX,XXXX,XXXX,XXXX,XXXX,XXXX,XXXX,XXXX,XXXX,XXXX,XXXX,XXXX,XXXX,XXXX,XXXX,XXXX,XXXX,XXXX,XXXX,XXXX,XXXX,XXXX,XXXX,XXXX,XXXX,XXXX,XXXX,XXXX,XXXX,XXXX,XXXX,XXXX,XXXX,XXXX,XXXX,XXXX,XXXX,XXXX,XXXX,XXXX,XXXX,XXXX,XXXX,XXXX,XXXX,XXXX,XXXX,XXXX,XXXX,XXXX,XXXX,XXXX,XXXX,XXXX,XXXX,XXXX,XXXX,XXXX,XXXX,XXXX,XXXX,XXXX,XXXX,XXXX,XXXX,XXXX,XXXX,XXXX,XXXX,XXXX,XXXX,XXXX,XXXX,XXXX,XXXX,XXXX,XXXX,XXXX,XXXX,XXXX,XXXX,XXXX,XXXX,XXXX,XXXX,XXXX,XXXX,XXXX,XXXX,XXXX,XXXX,XXXX,XXXX,XXXX,XXXX,XXXX,XXXX,XXXX,XXXX,XXXX,XXXX,XXXX,XXXX,XXXX,XXXX,XXXX,XXXX,XXXX,XXXX,XXXX,XXXX,XXXX,XXXX,XXXX,XXXX,XXXX,XXXX,XXXX,XXXX,XXXX,XXXX,XXXX,XXXX,XXXX,XXXX,XXXX,XXXX,XXXX,XXXX,XXXX,XXXX,XXXX,XXXX,XXXX,XXXX,XXXX,XXXX,XXXX,XXXX,XXXX,
W33,XXXX,XXXX,XXXX,XXXX,XXXX,XXXX,XXXX,XXXX,XXXX,XXXX,XXXX,XXXX,XXXX,XXXX,XXXX,XXXX,XXXX,XXXX,XXXX,XXXX,XXXX,XXXX,XXXX,XXXX,XXXX,XXXX,XXXX,XXXX,XXXX,XXXX,XXXX,XXXX,XXXX,XXXX,XXXX,XXXX,XXXX,XXXX,XXXX,XXXX,XXXX,XXXX,XXXX,XXXX,XXXX,XXXX,XXXX,XXXX,XXXX,XXXX,XXXX,XXXX,XXXX,XXXX,XXXX,XXXX,XXXX,XXXX,XXXX,XXXX,XXXX,XXXX,XXXX,XXXX,XXXX,XXXX,XXXX,XXXX,XXXX,XXXX,XXXX,XXXX,XXXX,XXXX,XXXX,XXXX,XXXX,XXXX,XXXX,XXXX,XXXX,XXXX,XXXX,XXXX,XXXX,XXXX,XXXX,XXXX,XXXX,XXXX,XXXX,XXXX,XXXX,XXXX,XXXX,XXXX,XXXX,XXXX,XXXX,XXXX,XXXX,XXXX,XXXX,XXXX,XXXX,XXXX,XXXX,XXXX,XXXX,XXXX,XXXX,XXXX,XXXX,XXXX,XXXX,XXXX,XXXX,XXXX,XXXX,XXXX,XXXX,XXXX,XXXX,XXXX,XXXX,XXXX,XXXX,XXXX,XXXX,XXXX,XXXX,XXXX,XXXX,XXXX,XXXX,XXXX,XXXX,XXXX,XXXX,XXXX,XXXX,XXXX,XXXX,XXXX,XXXX,XXXX,XXXX,XXXX,XXXX,XXXX,XXXX,XXXX,XXXX,XXXX,XXXX,XXXX,XXXX,XXXX,XXXX,XXXX,XXXX,XXXX,XXXX,XXXX,XXXX,XXXX,XXXX,XXXX,XXXX,XXXX,XXXX,XXXX,XXXX,XXXX,XXXX,XXXX,XXXX,XXXX,XXXX,XXXX,
W34,XXXX,XXXX,XXXX,XXXX,XXXX,XXXX,XXXX,XXXX,XXXX,XXXX,XXXX,XXXX,XXXX,XXXX,XXXX,XXXX,XXXX,XXXX,XXXX,XXXX,XXXX,XXXX,XXXX,XXXX,XXXX,XXXX,XXXX,XXXX,XXXX,XXXX,XXXX,XXXX,XXXX,XXXX,XXXX,XXXX,XXXX,XXXX,XXXX,XXXX,XXXX,XXXX,XXXX,XXXX,XXXX,XXXX,XXXX,XXXX,XXXX,XXXX,XXXX,XXXX,XXXX,XXXX,XXXX,XXXX,XXXX,XXXX,XXXX,XXXX,XXXX,XXXX,XXXX,XXXX,XXXX,XXXX,XXXX,XXXX,XXXX,XXXX,XXXX,XXXX,XXXX,XXXX,XXXX,XXXX,XXXX,XXXX,XXXX,XXXX,XXXX,XXXX,XXXX,XXXX,XXXX,XXXX,XXXX,XXXX,XXXX,XXXX,XXXX,XXXX,XXXX,XXXX,XXXX,XXXX,XXXX,XXXX,XXXX,XXXX,XXXX,XXXX,XXXX,XXXX,XXXX,XXXX,XXXX,XXXX,XXXX,XXXX,XXXX,XXXX,XXXX,XXXX,XXXX,XXXX,XXXX,XXXX,XXXX,XXXX,XXXX,XXXX,XXXX,XXXX,XXXX,XXXX,XXXX,XXXX,XXXX,XXXX,XXXX,XXXX,XXXX,XXXX,XXXX,XXXX,XXXX,XXXX,XXXX,XXXX,XXXX,XXXX,XXXX,XXXX,XXXX,XXXX,XXXX,XXXX,XXXX,XXXX,XXXX,XXXX,XXXX,XXXX,XXXX,XXXX,XXXX,XXXX,XXXX,XXXX,XXXX,XXXX,XXXX,XXXX,XXXX,XXXX,XXXX,XXXX,XXXX,XXXX,XXXX,XXXX,XXXX,XXXX,XXXX,XXXX,XXXX,XXXX,XXXX,XXXX,
W35,XXXX,XXXX,XXXX,XXXX,XXXX,XXXX,XXXX,XXXX,XXXX,XXXX,XXXX,XXXX,XXXX,XXXX,XXXX,XXXX,XXXX,XXXX,XXXX,XXXX,XXXX,XXXX,XXXX,XXXX,XXXX,XXXX,XXXX,XXXX,XXXX,XXXX,XXXX,XXXX,XXXX,XXXX,XXXX,XXXX,XXXX,XXXX,XXXX,XXXX,XXXX,XXXX,XXXX,XXXX,XXXX,XXXX,XXXX,XXXX,XXXX,XXXX,XXXX,XXXX,XXXX,XXXX,XXXX,XXXX,XXXX,XXXX,XXXX,XXXX,XXXX,XXXX,XXXX,XXXX,XXXX,XXXX,XXXX,XXXX,XXXX,XXXX,XXXX,XXXX,XXXX,XXXX,XXXX,XXXX,XXXX,XXXX,XXXX,XXXX,XXXX,XXXX,XXXX,XXXX,XXXX,XXXX,XXXX,XXXX,XXXX,XXXX,XXXX,XXXX,XXXX,XXXX,XXXX,XXXX,XXXX,XXXX,XXXX,XXXX,XXXX,XXXX,XXXX,XXXX,XXXX,XXXX,XXXX,XXXX,XXXX,XXXX,XXXX,XXXX,XXXX,XXXX,XXXX,XXXX,XXXX,XXXX,XXXX,XXXX,XXXX,XXXX,XXXX,XXXX,XXXX,XXXX,XXXX,XXXX,XXXX,XXXX,XXXX,XXXX,XXXX,XXXX,XXXX,XXXX,XXXX,XXXX,XXXX,XXXX,XXXX,XXXX,XXXX,XXXX,XXXX,XXXX,XXXX,XXXX,XXXX,XXXX,XXXX,XXXX,XXXX,XXXX,XXXX,XXXX,XXXX,XXXX,XXXX,XXXX,XXXX,XXXX,XXXX,XXXX,XXXX,XXXX,XXXX,XXXX,XXXX,XXXX,XXXX,XXXX,XXXX,XXXX,XXXX,XXXX,XXXX,XXXX,XXXX,XXXX,
W36,XXXX,XXXX,XXXX,XXXX,XXXX,XXXX,XXXX,XXXX,XXXX,XXXX,XXXX,XXXX,XXXX,XXXX,XXXX,XXXX,XXXX,XXXX,XXXX,XXXX,XXXX,XXXX,XXXX,XXXX,XXXX,XXXX,XXXX,XXXX,XXXX,XXXX,XXXX,XXXX,XXXX,XXXX,XXXX,XXXX,XXXX,XXXX,XXXX,XXXX,XXXX,XXXX,XXXX,XXXX,XXXX,XXXX,XXXX,XXXX,XXXX,XXXX,XXXX,XXXX,XXXX,XXXX,XXXX,XXXX,XXXX,XXXX,XXXX,XXXX,XXXX,XXXX,XXXX,XXXX,XXXX,XXXX,XXXX,XXXX,XXXX,XXXX,XXXX,XXXX,XXXX,XXXX,XXXX,XXXX,XXXX,XXXX,XXXX,XXXX,XXXX,XXXX,XXXX,XXXX,XXXX,XXXX,XXXX,XXXX,XXXX,XXXX,XXXX,XXXX,XXXX,XXXX,XXXX,XXXX,XXXX,XXXX,XXXX,XXXX,XXXX,XXXX,XXXX,XXXX,XXXX,XXXX,XXXX,XXXX,XXXX,XXXX,XXXX,XXXX,XXXX,XXXX,XXXX,XXXX,XXXX,XXXX,XXXX,XXXX,XXXX,XXXX,XXXX,XXXX,XXXX,XXXX,XXXX,XXXX,XXXX,XXXX,XXXX,XXXX,XXXX,XXXX,XXXX,XXXX,XXXX,XXXX,XXXX,XXXX,XXXX,XXXX,XXXX,XXXX,XXXX,XXXX,XXXX,XXXX,XXXX,XXXX,XXXX,XXXX,XXXX,XXXX,XXXX,XXXX,XXXX,XXXX,XXXX,XXXX,XXXX,XXXX,XXXX,XXXX,XXXX,XXXX,XXXX,XXXX,XXXX,CFG_BBMUXE10<8>,CFG_BBMUXE10<6>,CFG_BBMUXE10<4>,CFG_BBMUXE10<2>,CFG_BBMUXE10<0>,CFG_SEAMMUX<65>,CFG_SEAMMUX<64>,CFG_SEAMMUX<63>,CFG_SEAMMUX<62>,CFG_SEAMMUX<61>,CFG_SEAMMUX<60>,
W37,XXXX,XXXX,XXXX,XXXX,XXXX,XXXX,XXXX,XXXX,XXXX,XXXX,XXXX,XXXX,XXXX,XXXX,XXXX,XXXX,XXXX,XXXX,XXXX,XXXX,XXXX,XXXX,XXXX,XXXX,XXXX,XXXX,XXXX,XXXX,XXXX,XXXX,XXXX,XXXX,XXXX,XXXX,XXXX,XXXX,XXXX,XXXX,XXXX,XXXX,XXXX,XXXX,XXXX,XXXX,XXXX,XXXX,XXXX,XXXX,XXXX,XXXX,XXXX,XXXX,XXXX,XXXX,XXXX,XXXX,XXXX,XXXX,XXXX,XXXX,XXXX,XXXX,XXXX,XXXX,XXXX,XXXX,XXXX,XXXX,XXXX,XXXX,XXXX,XXXX,XXXX,XXXX,XXXX,XXXX,XXXX,XXXX,XXXX,XXXX,XXXX,XXXX,XXXX,XXXX,XXXX,XXXX,XXXX,XXXX,XXXX,XXXX,XXXX,XXXX,XXXX,XXXX,XXXX,XXXX,XXXX,XXXX,XXXX,XXXX,XXXX,XXXX,XXXX,XXXX,XXXX,XXXX,XXXX,XXXX,XXXX,XXXX,XXXX,XXXX,XXXX,XXXX,XXXX,XXXX,XXXX,XXXX,XXXX,XXXX,XXXX,XXXX,XXXX,XXXX,XXXX,XXXX,XXXX,XXXX,XXXX,XXXX,XXXX,XXXX,XXXX,XXXX,XXXX,XXXX,XXXX,XXXX,XXXX,XXXX,XXXX,XXXX,XXXX,XXXX,XXXX,XXXX,XXXX,XXXX,XXXX,XXXX,XXXX,XXXX,XXXX,XXXX,XXXX,XXXX,XXXX,XXXX,XXXX,XXXX,XXXX,XXXX,XXXX,XXXX,XXXX,XXXX,XXXX,XXXX,XXXX,XXXX,CFG_BBMUXE10<7>,CFG_BBMUXE10<5>,CFG_BBMUXE10<3>,CFG_BBMUXE10<1>,XXXX,XXXX,XXXX,XXXX,XXXX,XXXX,
W38,XXXX,XXXX,XXXX,XXXX,XXXX,XXXX,XXXX,XXXX,XXXX,XXXX,XXXX,XXXX,XXXX,XXXX,XXXX,XXXX,XXXX,XXXX,XXXX,XXXX,XXXX,XXXX,XXXX,XXXX,XXXX,XXXX,XXXX,XXXX,XXXX,XXXX,XXXX,XXXX,XXXX,XXXX,XXXX,XXXX,XXXX,XXXX,XXXX,XXXX,XXXX,XXXX,XXXX,XXXX,XXXX,XXXX,XXXX,XXXX,XXXX,XXXX,XXXX,XXXX,XXXX,XXXX,XXXX,XXXX,XXXX,XXXX,XXXX,XXXX,XXXX,XXXX,XXXX,XXXX,XXXX,XXXX,XXXX,XXXX,XXXX,XXXX,XXXX,XXXX,XXXX,XXXX,XXXX,XXXX,XXXX,XXXX,XXXX,XXXX,XXXX,XXXX,XXXX,XXXX,XXXX,XXXX,XXXX,XXXX,XXXX,XXXX,XXXX,XXXX,XXXX,XXXX,XXXX,XXXX,XXXX,XXXX,XXXX,XXXX,XXXX,XXXX,XXXX,XXXX,XXXX,XXXX,XXXX,XXXX,XXXX,XXXX,XXXX,XXXX,XXXX,XXXX,XXXX,XXXX,XXXX,XXXX,XXXX,XXXX,XXXX,XXXX,XXXX,XXXX,XXXX,XXXX,XXXX,XXXX,XXXX,XXXX,XXXX,XXXX,XXXX,XXXX,XXXX,XXXX,XXXX,XXXX,XXXX,XXXX,XXXX,XXXX,XXXX,XXXX,XXXX,XXXX,XXXX,XXXX,XXXX,XXXX,XXXX,XXXX,XXXX,XXXX,XXXX,XXXX,XXXX,XXXX,XXXX,XXXX,XXXX,XXXX,XXXX,XXXX,XXXX,XXXX,XXXX,XXXX,XXXX,CFG_BBMUXE11<8>,CFG_BBMUXE11<6>,CFG_BBMUXE11<4>,CFG_BBMUXE11<2>,CFG_BBMUXE11<0>,CFG_SEAMMUX<71>,CFG_SEAMMUX<70>,CFG_SEAMMUX<69>,CFG_SEAMMUX<68>,CFG_SEAMMUX<67>,CFG_SEAMMUX<66>,
W39,XXXX,XXXX,XXXX,XXXX,XXXX,XXXX,XXXX,XXXX,XXXX,XXXX,XXXX,XXXX,XXXX,XXXX,XXXX,XXXX,XXXX,XXXX,XXXX,XXXX,XXXX,XXXX,XXXX,XXXX,XXXX,XXXX,XXXX,XXXX,XXXX,XXXX,XXXX,XXXX,XXXX,XXXX,XXXX,XXXX,XXXX,XXXX,XXXX,XXXX,XXXX,XXXX,XXXX,XXXX,XXXX,XXXX,XXXX,XXXX,XXXX,XXXX,XXXX,XXXX,XXXX,XXXX,XXXX,XXXX,XXXX,XXXX,XXXX,XXXX,XXXX,XXXX,XXXX,XXXX,XXXX,XXXX,XXXX,XXXX,XXXX,XXXX,XXXX,XXXX,XXXX,XXXX,XXXX,XXXX,XXXX,XXXX,XXXX,XXXX,XXXX,XXXX,XXXX,XXXX,XXXX,XXXX,XXXX,XXXX,XXXX,XXXX,XXXX,XXXX,XXXX,XXXX,XXXX,XXXX,XXXX,XXXX,XXXX,XXXX,XXXX,XXXX,XXXX,XXXX,XXXX,XXXX,XXXX,XXXX,XXXX,XXXX,XXXX,XXXX,XXXX,XXXX,XXXX,XXXX,XXXX,XXXX,XXXX,XXXX,XXXX,XXXX,XXXX,XXXX,XXXX,XXXX,XXXX,XXXX,XXXX,XXXX,XXXX,XXXX,XXXX,XXXX,XXXX,XXXX,XXXX,XXXX,XXXX,XXXX,XXXX,XXXX,XXXX,XXXX,XXXX,XXXX,XXXX,XXXX,XXXX,XXXX,XXXX,XXXX,XXXX,XXXX,XXXX,XXXX,XXXX,XXXX,XXXX,XXXX,XXXX,XXXX,XXXX,XXXX,XXXX,XXXX,XXXX,XXXX,XXXX,XXXX,CFG_BBMUXE11<7>,CFG_BBMUXE11<5>,CFG_BBMUXE11<3>,CFG_BBMUXE11<1>,XXXX,XXXX,XXXX,XXXX,XXXX,XXXX,
W40,XXXX,XXXX,XXXX,XXXX,XXXX,XXXX,XXXX,XXXX,XXXX,XXXX,XXXX,XXXX,XXXX,XXXX,XXXX,XXXX,XXXX,XXXX,XXXX,XXXX,XXXX,XXXX,XXXX,XXXX,XXXX,XXXX,XXXX,XXXX,XXXX,XXXX,XXXX,XXXX,XXXX,XXXX,XXXX,XXXX,XXXX,XXXX,XXXX,XXXX,XXXX,XXXX,XXXX,XXXX,XXXX,XXXX,XXXX,XXXX,XXXX,XXXX,XXXX,XXXX,XXXX,XXXX,XXXX,XXXX,XXXX,XXXX,XXXX,XXXX,XXXX,XXXX,XXXX,XXXX,XXXX,XXXX,XXXX,XXXX,XXXX,XXXX,XXXX,XXXX,XXXX,XXXX,XXXX,XXXX,XXXX,XXXX,XXXX,XXXX,XXXX,XXXX,XXXX,XXXX,XXXX,XXXX,XXXX,XXXX,XXXX,XXXX,XXXX,XXXX,XXXX,XXXX,XXXX,XXXX,XXXX,XXXX,XXXX,XXXX,XXXX,XXXX,XXXX,XXXX,XXXX,XXXX,XXXX,XXXX,XXXX,XXXX,XXXX,XXXX,XXXX,XXXX,XXXX,XXXX,XXXX,XXXX,XXXX,XXXX,XXXX,XXXX,XXXX,XXXX,XXXX,XXXX,XXXX,XXXX,XXXX,XXXX,XXXX,XXXX,XXXX,XXXX,XXXX,XXXX,XXXX,XXXX,XXXX,XXXX,XXXX,XXXX,XXXX,XXXX,XXXX,XXXX,XXXX,XXXX,XXXX,XXXX,XXXX,XXXX,XXXX,XXXX,XXXX,XXXX,XXXX,XXXX,XXXX,XXXX,XXXX,XXXX,XXXX,XXXX,XXXX,XXXX,XXXX,XXXX,XXXX,CFG_BBMUXW0<9>,CFG_BBMUXW0<7>,CFG_BBMUXW0<6>,CFG_BBMUXW0<3>,CFG_BBMUXW0<1>,CFG_SEAMMUX<77>,CFG_SEAMMUX<76>,CFG_SEAMMUX<75>,CFG_SEAMMUX<74>,CFG_SEAMMUX<73>,CFG_SEAMMUX<72>,
W41,XXXX,XXXX,XXXX,XXXX,XXXX,XXXX,XXXX,XXXX,XXXX,XXXX,XXXX,XXXX,XXXX,XXXX,XXXX,XXXX,XXXX,XXXX,XXXX,XXXX,XXXX,XXXX,XXXX,XXXX,XXXX,XXXX,XXXX,XXXX,XXXX,XXXX,XXXX,XXXX,XXXX,XXXX,XXXX,XXXX,XXXX,XXXX,XXXX,XXXX,XXXX,XXXX,XXXX,XXXX,XXXX,XXXX,XXXX,XXXX,XXXX,XXXX,XXXX,XXXX,XXXX,XXXX,XXXX,XXXX,XXXX,XXXX,XXXX,XXXX,XXXX,XXXX,XXXX,XXXX,XXXX,XXXX,XXXX,XXXX,XXXX,XXXX,XXXX,XXXX,XXXX,XXXX,XXXX,XXXX,XXXX,XXXX,XXXX,XXXX,XXXX,XXXX,XXXX,XXXX,XXXX,XXXX,XXXX,XXXX,XXXX,XXXX,XXXX,XXXX,XXXX,XXXX,XXXX,XXXX,XXXX,XXXX,XXXX,XXXX,XXXX,XXXX,XXXX,XXXX,XXXX,XXXX,XXXX,XXXX,XXXX,XXXX,XXXX,XXXX,XXXX,XXXX,XXXX,XXXX,XXXX,XXXX,XXXX,XXXX,XXXX,XXXX,XXXX,XXXX,XXXX,XXXX,XXXX,XXXX,XXXX,XXXX,XXXX,XXXX,XXXX,XXXX,XXXX,XXXX,XXXX,XXXX,XXXX,XXXX,XXXX,XXXX,XXXX,XXXX,XXXX,XXXX,XXXX,XXXX,XXXX,XXXX,XXXX,XXXX,XXXX,XXXX,XXXX,XXXX,XXXX,XXXX,XXXX,XXXX,XXXX,XXXX,XXXX,XXXX,XXXX,XXXX,XXXX,XXXX,XXXX,XXXX,XXXX,XXXX,XXXX,XXXX,XXXX,XXXX,XXXX,XXXX,XXXX,XXXX,
W42,XXXX,XXXX,XXXX,XXXX,XXXX,XXXX,XXXX,XXXX,XXXX,XXXX,XXXX,XXXX,XXXX,XXXX,XXXX,XXXX,XXXX,XXXX,XXXX,XXXX,XXXX,XXXX,XXXX,XXXX,XXXX,XXXX,XXXX,XXXX,XXXX,XXXX,XXXX,XXXX,XXXX,XXXX,XXXX,XXXX,XXXX,XXXX,XXXX,XXXX,XXXX,XXXX,XXXX,XXXX,XXXX,XXXX,XXXX,XXXX,XXXX,XXXX,XXXX,XXXX,XXXX,XXXX,XXXX,XXXX,XXXX,XXXX,XXXX,XXXX,XXXX,XXXX,XXXX,XXXX,XXXX,XXXX,XXXX,XXXX,XXXX,XXXX,XXXX,XXXX,XXXX,XXXX,XXXX,XXXX,XXXX,XXXX,XXXX,XXXX,XXXX,XXXX,XXXX,XXXX,XXXX,XXXX,XXXX,XXXX,XXXX,XXXX,XXXX,XXXX,XXXX,XXXX,XXXX,XXXX,XXXX,XXXX,XXXX,XXXX,XXXX,XXXX,XXXX,XXXX,XXXX,XXXX,XXXX,XXXX,XXXX,XXXX,XXXX,XXXX,XXXX,XXXX,XXXX,XXXX,XXXX,XXXX,XXXX,XXXX,XXXX,XXXX,XXXX,XXXX,XXXX,XXXX,XXXX,XXXX,XXXX,XXXX,XXXX,XXXX,XXXX,XXXX,XXXX,XXXX,XXXX,XXXX,XXXX,XXXX,XXXX,XXXX,XXXX,XXXX,XXXX,XXXX,XXXX,XXXX,XXXX,XXXX,XXXX,XXXX,XXXX,XXXX,XXXX,XXXX,XXXX,XXXX,XXXX,XXXX,XXXX,XXXX,XXXX,XXXX,XXXX,XXXX,XXXX,XXXX,XXXX,CFG_BBMUXW0<4>,CFG_BBMUXW0<8>,CFG_BBMUXW0<5>,CFG_BBMUXW0<2>,CFG_BBMUXW0<0>,XXXX,XXXX,XXXX,XXXX,XXXX,XXXX,
W43,XXXX,XXXX,XXXX,XXXX,XXXX,XXXX,XXXX,XXXX,XXXX,XXXX,XXXX,XXXX,XXXX,XXXX,XXXX,XXXX,XXXX,XXXX,XXXX,XXXX,XXXX,XXXX,XXXX,XXXX,XXXX,XXXX,XXXX,XXXX,XXXX,XXXX,XXXX,XXXX,XXXX,XXXX,XXXX,XXXX,XXXX,XXXX,XXXX,XXXX,XXXX,XXXX,XXXX,XXXX,XXXX,XXXX,XXXX,XXXX,XXXX,XXXX,XXXX,XXXX,XXXX,XXXX,XXXX,XXXX,XXXX,XXXX,XXXX,XXXX,XXXX,XXXX,XXXX,XXXX,XXXX,XXXX,XXXX,XXXX,XXXX,XXXX,XXXX,XXXX,XXXX,XXXX,XXXX,XXXX,XXXX,XXXX,XXXX,XXXX,XXXX,XXXX,XXXX,XXXX,XXXX,XXXX,XXXX,XXXX,XXXX,XXXX,XXXX,XXXX,XXXX,XXXX,XXXX,XXXX,XXXX,XXXX,XXXX,XXXX,XXXX,XXXX,XXXX,XXXX,XXXX,XXXX,XXXX,XXXX,XXXX,XXXX,XXXX,XXXX,XXXX,XXXX,XXXX,XXXX,XXXX,XXXX,XXXX,XXXX,XXXX,XXXX,XXXX,XXXX,XXXX,XXXX,XXXX,XXXX,XXXX,XXXX,XXXX,XXXX,XXXX,XXXX,XXXX,XXXX,XXXX,XXXX,XXXX,XXXX,XXXX,XXXX,XXXX,XXXX,XXXX,XXXX,XXXX,XXXX,XXXX,XXXX,XXXX,XXXX,XXXX,XXXX,XXXX,XXXX,XXXX,XXXX,XXXX,XXXX,XXXX,XXXX,XXXX,XXXX,XXXX,XXXX,XXXX,XXXX,XXXX,CFG_BBMUXW1<4>,CFG_BBMUXW1<8>,CFG_BBMUXW1<5>,CFG_BBMUXW1<2>,CFG_BBMUXW1<0>,XXXX,XXXX,XXXX,XXXX,XXXX,XXXX,
W44,XXXX,XXXX,XXXX,XXXX,XXXX,XXXX,XXXX,XXXX,XXXX,XXXX,XXXX,XXXX,XXXX,XXXX,XXXX,XXXX,XXXX,XXXX,XXXX,XXXX,XXXX,XXXX,XXXX,XXXX,XXXX,XXXX,XXXX,XXXX,XXXX,XXXX,XXXX,XXXX,XXXX,XXXX,XXXX,XXXX,XXXX,XXXX,XXXX,XXXX,XXXX,XXXX,XXXX,XXXX,XXXX,XXXX,XXXX,XXXX,XXXX,XXXX,XXXX,XXXX,XXXX,XXXX,XXXX,XXXX,XXXX,XXXX,XXXX,XXXX,XXXX,XXXX,XXXX,XXXX,XXXX,XXXX,XXXX,XXXX,XXXX,XXXX,XXXX,XXXX,XXXX,XXXX,XXXX,XXXX,XXXX,XXXX,XXXX,XXXX,XXXX,XXXX,XXXX,XXXX,XXXX,XXXX,XXXX,XXXX,XXXX,XXXX,XXXX,XXXX,XXXX,XXXX,XXXX,XXXX,XXXX,XXXX,XXXX,XXXX,XXXX,XXXX,XXXX,XXXX,XXXX,XXXX,XXXX,XXXX,XXXX,XXXX,XXXX,XXXX,XXXX,XXXX,XXXX,XXXX,XXXX,XXXX,XXXX,XXXX,XXXX,XXXX,XXXX,XXXX,XXXX,XXXX,XXXX,XXXX,XXXX,XXXX,XXXX,XXXX,XXXX,XXXX,XXXX,XXXX,XXXX,XXXX,XXXX,XXXX,XXXX,XXXX,XXXX,XXXX,XXXX,XXXX,XXXX,XXXX,XXXX,XXXX,XXXX,XXXX,XXXX,XXXX,XXXX,XXXX,XXXX,XXXX,XXXX,XXXX,XXXX,XXXX,XXXX,XXXX,XXXX,XXXX,XXXX,XXXX,XXXX,XXXX,XXXX,XXXX,XXXX,XXXX,XXXX,XXXX,XXXX,XXXX,XXXX,XXXX,
W45,XXXX,XXXX,XXXX,XXXX,XXXX,XXXX,XXXX,XXXX,XXXX,XXXX,XXXX,XXXX,XXXX,XXXX,XXXX,XXXX,XXXX,XXXX,XXXX,XXXX,XXXX,XXXX,XXXX,XXXX,XXXX,XXXX,XXXX,XXXX,XXXX,XXXX,XXXX,XXXX,XXXX,XXXX,XXXX,XXXX,XXXX,XXXX,XXXX,XXXX,XXXX,XXXX,XXXX,XXXX,XXXX,XXXX,XXXX,XXXX,XXXX,XXXX,XXXX,XXXX,XXXX,XXXX,XXXX,XXXX,XXXX,XXXX,XXXX,XXXX,XXXX,XXXX,XXXX,XXXX,XXXX,XXXX,XXXX,XXXX,XXXX,XXXX,XXXX,XXXX,XXXX,XXXX,XXXX,XXXX,XXXX,XXXX,XXXX,XXXX,XXXX,XXXX,XXXX,XXXX,XXXX,XXXX,XXXX,XXXX,XXXX,XXXX,XXXX,XXXX,XXXX,XXXX,XXXX,XXXX,XXXX,XXXX,XXXX,XXXX,XXXX,XXXX,XXXX,XXXX,XXXX,XXXX,XXXX,XXXX,XXXX,XXXX,XXXX,XXXX,XXXX,XXXX,XXXX,XXXX,XXXX,XXXX,XXXX,XXXX,XXXX,XXXX,XXXX,XXXX,XXXX,XXXX,XXXX,XXXX,XXXX,XXXX,XXXX,XXXX,XXXX,XXXX,XXXX,XXXX,XXXX,XXXX,XXXX,XXXX,XXXX,XXXX,XXXX,XXXX,XXXX,XXXX,XXXX,XXXX,XXXX,XXXX,XXXX,XXXX,XXXX,XXXX,XXXX,XXXX,XXXX,XXXX,XXXX,XXXX,XXXX,XXXX,XXXX,XXXX,XXXX,XXXX,XXXX,XXXX,XXXX,CFG_BBMUXW1<9>,CFG_BBMUXW1<7>,CFG_BBMUXW1<6>,CFG_BBMUXW1<3>,CFG_BBMUXW1<1>,CFG_SEAMMUX<83>,CFG_SEAMMUX<82>,CFG_SEAMMUX<81>,CFG_SEAMMUX<80>,CFG_SEAMMUX<79>,CFG_SEAMMUX<78>,
W46,XXXX,XXXX,XXXX,XXXX,XXXX,XXXX,XXXX,XXXX,XXXX,XXXX,XXXX,XXXX,XXXX,XXXX,XXXX,XXXX,XXXX,XXXX,XXXX,XXXX,XXXX,XXXX,XXXX,XXXX,XXXX,XXXX,XXXX,XXXX,XXXX,XXXX,XXXX,XXXX,XXXX,XXXX,XXXX,XXXX,XXXX,XXXX,XXXX,XXXX,XXXX,XXXX,XXXX,XXXX,XXXX,XXXX,XXXX,XXXX,XXXX,XXXX,XXXX,XXXX,XXXX,XXXX,XXXX,XXXX,XXXX,XXXX,XXXX,XXXX,XXXX,XXXX,XXXX,XXXX,XXXX,XXXX,XXXX,XXXX,XXXX,XXXX,XXXX,XXXX,XXXX,XXXX,XXXX,XXXX,XXXX,XXXX,XXXX,XXXX,XXXX,XXXX,XXXX,XXXX,XXXX,XXXX,XXXX,XXXX,XXXX,XXXX,XXXX,XXXX,XXXX,XXXX,XXXX,XXXX,XXXX,XXXX,XXXX,XXXX,XXXX,XXXX,XXXX,XXXX,XXXX,XXXX,XXXX,XXXX,XXXX,XXXX,XXXX,XXXX,XXXX,XXXX,XXXX,XXXX,XXXX,XXXX,XXXX,XXXX,XXXX,XXXX,XXXX,XXXX,XXXX,XXXX,XXXX,XXXX,XXXX,XXXX,XXXX,XXXX,XXXX,XXXX,XXXX,XXXX,XXXX,XXXX,XXXX,XXXX,XXXX,XXXX,XXXX,XXXX,XXXX,XXXX,XXXX,XXXX,XXXX,XXXX,XXXX,XXXX,XXXX,XXXX,XXXX,XXXX,XXXX,XXXX,XXXX,XXXX,XXXX,XXXX,XXXX,XXXX,XXXX,XXXX,XXXX,XXXX,XXXX,CFG_BBMUXW2<9>,CFG_BBMUXW2<7>,CFG_BBMUXW2<6>,CFG_BBMUXW2<3>,CFG_BBMUXW2<1>,CFG_SEAMMUX<89>,CFG_SEAMMUX<88>,CFG_SEAMMUX<87>,CFG_SEAMMUX<86>,CFG_SEAMMUX<85>,CFG_SEAMMUX<84>,
W47,XXXX,XXXX,XXXX,XXXX,XXXX,XXXX,XXXX,XXXX,XXXX,XXXX,XXXX,XXXX,XXXX,XXXX,XXXX,XXXX,XXXX,XXXX,XXXX,XXXX,XXXX,XXXX,XXXX,XXXX,XXXX,XXXX,XXXX,XXXX,XXXX,XXXX,XXXX,XXXX,XXXX,XXXX,XXXX,XXXX,XXXX,XXXX,XXXX,XXXX,XXXX,XXXX,XXXX,XXXX,XXXX,XXXX,XXXX,XXXX,XXXX,XXXX,XXXX,XXXX,XXXX,XXXX,XXXX,XXXX,XXXX,XXXX,XXXX,XXXX,XXXX,XXXX,XXXX,XXXX,XXXX,XXXX,XXXX,XXXX,XXXX,XXXX,XXXX,XXXX,XXXX,XXXX,XXXX,XXXX,XXXX,XXXX,XXXX,XXXX,XXXX,XXXX,XXXX,XXXX,XXXX,XXXX,XXXX,XXXX,XXXX,XXXX,XXXX,XXXX,XXXX,XXXX,XXXX,XXXX,XXXX,XXXX,XXXX,XXXX,XXXX,XXXX,XXXX,XXXX,XXXX,XXXX,XXXX,XXXX,XXXX,XXXX,XXXX,XXXX,XXXX,XXXX,XXXX,XXXX,XXXX,XXXX,XXXX,XXXX,XXXX,XXXX,XXXX,XXXX,XXXX,XXXX,XXXX,XXXX,XXXX,XXXX,XXXX,XXXX,XXXX,XXXX,XXXX,XXXX,XXXX,XXXX,XXXX,XXXX,XXXX,XXXX,XXXX,XXXX,XXXX,XXXX,XXXX,XXXX,XXXX,XXXX,XXXX,XXXX,XXXX,XXXX,XXXX,XXXX,XXXX,XXXX,XXXX,XXXX,XXXX,XXXX,XXXX,XXXX,XXXX,XXXX,XXXX,XXXX,XXXX,XXXX,XXXX,XXXX,XXXX,XXXX,XXXX,XXXX,XXXX,XXXX,XXXX,XXXX,
W48,XXXX,XXXX,XXXX,XXXX,XXXX,XXXX,XXXX,XXXX,XXXX,XXXX,XXXX,XXXX,XXXX,XXXX,XXXX,XXXX,XXXX,XXXX,XXXX,XXXX,XXXX,XXXX,XXXX,XXXX,XXXX,XXXX,XXXX,XXXX,XXXX,XXXX,XXXX,XXXX,XXXX,XXXX,XXXX,XXXX,XXXX,XXXX,XXXX,XXXX,XXXX,XXXX,XXXX,XXXX,XXXX,XXXX,XXXX,XXXX,XXXX,XXXX,XXXX,XXXX,XXXX,XXXX,XXXX,XXXX,XXXX,XXXX,XXXX,XXXX,XXXX,XXXX,XXXX,XXXX,XXXX,XXXX,XXXX,XXXX,XXXX,XXXX,XXXX,XXXX,XXXX,XXXX,XXXX,XXXX,XXXX,XXXX,XXXX,XXXX,XXXX,XXXX,XXXX,XXXX,XXXX,XXXX,XXXX,XXXX,XXXX,XXXX,XXXX,XXXX,XXXX,XXXX,XXXX,XXXX,XXXX,XXXX,XXXX,XXXX,XXXX,XXXX,XXXX,XXXX,XXXX,XXXX,XXXX,XXXX,XXXX,XXXX,XXXX,XXXX,XXXX,XXXX,XXXX,XXXX,XXXX,XXXX,XXXX,XXXX,XXXX,XXXX,XXXX,XXXX,XXXX,XXXX,XXXX,XXXX,XXXX,XXXX,XXXX,XXXX,XXXX,XXXX,XXXX,XXXX,XXXX,XXXX,XXXX,XXXX,XXXX,XXXX,XXXX,XXXX,XXXX,XXXX,XXXX,XXXX,XXXX,XXXX,XXXX,XXXX,XXXX,XXXX,XXXX,XXXX,XXXX,XXXX,XXXX,XXXX,XXXX,XXXX,XXXX,XXXX,XXXX,XXXX,XXXX,XXXX,XXXX,CFG_BBMUXW2<4>,CFG_BBMUXW2<8>,CFG_BBMUXW2<5>,CFG_BBMUXW2<2>,CFG_BBMUXW2<0>,XXXX,XXXX,XXXX,XXXX,XXXX,XXXX,
W49,XXXX,XXXX,XXXX,XXXX,XXXX,XXXX,XXXX,XXXX,XXXX,XXXX,XXXX,XXXX,XXXX,XXXX,XXXX,XXXX,XXXX,XXXX,XXXX,XXXX,XXXX,XXXX,XXXX,XXXX,XXXX,XXXX,XXXX,XXXX,XXXX,XXXX,XXXX,XXXX,XXXX,XXXX,XXXX,XXXX,XXXX,XXXX,XXXX,XXXX,XXXX,XXXX,XXXX,XXXX,XXXX,XXXX,XXXX,XXXX,XXXX,XXXX,XXXX,XXXX,XXXX,XXXX,XXXX,XXXX,XXXX,XXXX,XXXX,XXXX,XXXX,XXXX,XXXX,XXXX,XXXX,XXXX,XXXX,XXXX,XXXX,XXXX,XXXX,XXXX,XXXX,XXXX,XXXX,XXXX,XXXX,XXXX,XXXX,XXXX,XXXX,XXXX,XXXX,XXXX,XXXX,XXXX,XXXX,XXXX,XXXX,XXXX,XXXX,XXXX,XXXX,XXXX,XXXX,XXXX,XXXX,XXXX,XXXX,XXXX,XXXX,XXXX,XXXX,XXXX,XXXX,XXXX,XXXX,XXXX,XXXX,XXXX,XXXX,XXXX,XXXX,XXXX,XXXX,XXXX,XXXX,XXXX,XXXX,XXXX,XXXX,XXXX,XXXX,XXXX,XXXX,XXXX,XXXX,XXXX,XXXX,XXXX,XXXX,XXXX,XXXX,XXXX,XXXX,XXXX,XXXX,XXXX,XXXX,XXXX,XXXX,XXXX,XXXX,XXXX,XXXX,XXXX,XXXX,XXXX,XXXX,XXXX,XXXX,XXXX,XXXX,XXXX,XXXX,XXXX,XXXX,XXXX,XXXX,XXXX,XXXX,XXXX,XXXX,XXXX,XXXX,XXXX,XXXX,XXXX,XXXX,CFG_BBMUXW3<4>,CFG_BBMUXW3<8>,CFG_BBMUXW3<5>,CFG_BBMUXW3<2>,CFG_BBMUXW3<0>,XXXX,XXXX,XXXX,XXXX,XXXX,XXXX,
W50,XXXX,XXXX,XXXX,XXXX,XXXX,XXXX,XXXX,XXXX,XXXX,XXXX,XXXX,XXXX,XXXX,XXXX,XXXX,XXXX,XXXX,XXXX,XXXX,XXXX,XXXX,XXXX,XXXX,XXXX,XXXX,XXXX,XXXX,XXXX,XXXX,XXXX,XXXX,XXXX,XXXX,XXXX,XXXX,XXXX,XXXX,XXXX,XXXX,XXXX,XXXX,XXXX,XXXX,XXXX,XXXX,XXXX,XXXX,XXXX,XXXX,XXXX,XXXX,XXXX,XXXX,XXXX,XXXX,XXXX,XXXX,XXXX,XXXX,XXXX,XXXX,XXXX,XXXX,XXXX,XXXX,XXXX,XXXX,XXXX,XXXX,XXXX,XXXX,XXXX,XXXX,XXXX,XXXX,XXXX,XXXX,XXXX,XXXX,XXXX,XXXX,XXXX,XXXX,XXXX,XXXX,XXXX,XXXX,XXXX,XXXX,XXXX,XXXX,XXXX,XXXX,XXXX,XXXX,XXXX,XXXX,XXXX,XXXX,XXXX,XXXX,XXXX,XXXX,XXXX,XXXX,XXXX,XXXX,XXXX,XXXX,XXXX,XXXX,XXXX,XXXX,XXXX,XXXX,XXXX,XXXX,XXXX,XXXX,XXXX,XXXX,XXXX,XXXX,XXXX,XXXX,XXXX,XXXX,XXXX,XXXX,XXXX,XXXX,XXXX,XXXX,XXXX,XXXX,XXXX,XXXX,XXXX,XXXX,XXXX,XXXX,XXXX,XXXX,XXXX,XXXX,XXXX,XXXX,XXXX,XXXX,XXXX,XXXX,XXXX,XXXX,XXXX,XXXX,XXXX,XXXX,XXXX,XXXX,XXXX,XXXX,XXXX,XXXX,XXXX,XXXX,XXXX,XXXX,XXXX,XXXX,XXXX,XXXX,XXXX,XXXX,XXXX,XXXX,XXXX,XXXX,XXXX,XXXX,XXXX,
W51,XXXX,XXXX,XXXX,XXXX,XXXX,XXXX,XXXX,XXXX,XXXX,XXXX,XXXX,XXXX,XXXX,XXXX,XXXX,XXXX,XXXX,XXXX,XXXX,XXXX,XXXX,XXXX,XXXX,XXXX,XXXX,XXXX,XXXX,XXXX,XXXX,XXXX,XXXX,XXXX,XXXX,XXXX,XXXX,XXXX,XXXX,XXXX,XXXX,XXXX,XXXX,XXXX,XXXX,XXXX,XXXX,XXXX,XXXX,XXXX,XXXX,XXXX,XXXX,XXXX,XXXX,XXXX,XXXX,XXXX,XXXX,XXXX,XXXX,XXXX,XXXX,XXXX,XXXX,XXXX,XXXX,XXXX,XXXX,XXXX,XXXX,XXXX,XXXX,XXXX,XXXX,XXXX,XXXX,XXXX,XXXX,XXXX,XXXX,XXXX,XXXX,XXXX,XXXX,XXXX,XXXX,XXXX,XXXX,XXXX,XXXX,XXXX,XXXX,XXXX,XXXX,XXXX,XXXX,XXXX,XXXX,XXXX,XXXX,XXXX,XXXX,XXXX,XXXX,XXXX,XXXX,XXXX,XXXX,XXXX,XXXX,XXXX,XXXX,XXXX,XXXX,XXXX,XXXX,XXXX,XXXX,XXXX,XXXX,XXXX,XXXX,XXXX,XXXX,XXXX,XXXX,XXXX,XXXX,XXXX,XXXX,XXXX,XXXX,XXXX,XXXX,XXXX,XXXX,XXXX,XXXX,XXXX,XXXX,XXXX,XXXX,XXXX,XXXX,XXXX,XXXX,XXXX,XXXX,XXXX,XXXX,XXXX,XXXX,XXXX,XXXX,XXXX,XXXX,XXXX,XXXX,XXXX,XXXX,XXXX,XXXX,XXXX,XXXX,XXXX,XXXX,XXXX,XXXX,XXXX,XXXX,CFG_BBMUXW3<9>,CFG_BBMUXW3<7>,CFG_BBMUXW3<6>,CFG_BBMUXW3<3>,CFG_BBMUXW3<1>,CFG_SEAMMUX<95>,CFG_SEAMMUX<94>,CFG_SEAMMUX<93>,CFG_SEAMMUX<92>,CFG_SEAMMUX<91>,CFG_SEAMMUX<90>,
W52,XXXX,XXXX,XXXX,XXXX,XXXX,XXXX,XXXX,XXXX,XXXX,XXXX,XXXX,XXXX,XXXX,XXXX,XXXX,XXXX,XXXX,XXXX,XXXX,XXXX,XXXX,XXXX,XXXX,XXXX,XXXX,XXXX,XXXX,XXXX,XXXX,XXXX,XXXX,XXXX,XXXX,XXXX,XXXX,XXXX,XXXX,XXXX,XXXX,XXXX,XXXX,XXXX,XXXX,XXXX,XXXX,XXXX,XXXX,XXXX,XXXX,XXXX,XXXX,XXXX,XXXX,XXXX,XXXX,XXXX,XXXX,XXXX,XXXX,XXXX,XXXX,XXXX,XXXX,XXXX,XXXX,XXXX,XXXX,XXXX,XXXX,XXXX,XXXX,XXXX,XXXX,XXXX,XXXX,XXXX,XXXX,XXXX,XXXX,XXXX,XXXX,XXXX,XXXX,XXXX,XXXX,XXXX,XXXX,XXXX,XXXX,XXXX,XXXX,XXXX,XXXX,XXXX,XXXX,XXXX,XXXX,XXXX,XXXX,XXXX,XXXX,XXXX,XXXX,XXXX,XXXX,XXXX,XXXX,XXXX,XXXX,XXXX,XXXX,XXXX,XXXX,XXXX,XXXX,XXXX,XXXX,XXXX,XXXX,XXXX,XXXX,XXXX,XXXX,XXXX,XXXX,XXXX,XXXX,XXXX,XXXX,XXXX,XXXX,XXXX,XXXX,XXXX,XXXX,XXXX,XXXX,XXXX,XXXX,XXXX,XXXX,XXXX,XXXX,XXXX,XXXX,XXXX,XXXX,XXXX,XXXX,XXXX,XXXX,XXXX,XXXX,XXXX,XXXX,XXXX,XXXX,XXXX,XXXX,XXXX,XXXX,XXXX,XXXX,XXXX,XXXX,XXXX,XXXX,XXXX,XXXX,CFG_BBMUXW4<9>,CFG_BBMUXW4<7>,CFG_BBMUXW4<6>,CFG_BBMUXW4<3>,CFG_BBMUXW4<1>,CFG_SEAMMUX<101>,CFG_SEAMMUX<100>,CFG_SEAMMUX<99>,CFG_SEAMMUX<98>,CFG_SEAMMUX<97>,CFG_SEAMMUX<96>,
W53,XXXX,XXXX,XXXX,XXXX,XXXX,XXXX,XXXX,XXXX,XXXX,XXXX,XXXX,XXXX,XXXX,XXXX,XXXX,XXXX,XXXX,XXXX,XXXX,XXXX,XXXX,XXXX,XXXX,XXXX,XXXX,XXXX,XXXX,XXXX,XXXX,XXXX,XXXX,XXXX,XXXX,XXXX,XXXX,XXXX,XXXX,XXXX,XXXX,XXXX,XXXX,XXXX,XXXX,XXXX,XXXX,XXXX,XXXX,XXXX,XXXX,XXXX,XXXX,XXXX,XXXX,XXXX,XXXX,XXXX,XXXX,XXXX,XXXX,XXXX,XXXX,XXXX,XXXX,XXXX,XXXX,XXXX,XXXX,XXXX,XXXX,XXXX,XXXX,XXXX,XXXX,XXXX,XXXX,XXXX,XXXX,XXXX,XXXX,XXXX,XXXX,XXXX,XXXX,XXXX,XXXX,XXXX,XXXX,XXXX,XXXX,XXXX,XXXX,XXXX,XXXX,XXXX,XXXX,XXXX,XXXX,XXXX,XXXX,XXXX,XXXX,XXXX,XXXX,XXXX,XXXX,XXXX,XXXX,XXXX,XXXX,XXXX,XXXX,XXXX,XXXX,XXXX,XXXX,XXXX,XXXX,XXXX,XXXX,XXXX,XXXX,XXXX,XXXX,XXXX,XXXX,XXXX,XXXX,XXXX,XXXX,XXXX,XXXX,XXXX,XXXX,XXXX,XXXX,XXXX,XXXX,XXXX,XXXX,XXXX,XXXX,XXXX,XXXX,XXXX,XXXX,XXXX,XXXX,XXXX,XXXX,XXXX,XXXX,XXXX,XXXX,XXXX,XXXX,XXXX,XXXX,XXXX,XXXX,XXXX,XXXX,XXXX,XXXX,XXXX,XXXX,XXXX,XXXX,XXXX,XXXX,XXXX,XXXX,XXXX,XXXX,XXXX,XXXX,XXXX,XXXX,XXXX,XXXX,XXXX,
W54,XXXX,XXXX,XXXX,XXXX,XXXX,XXXX,XXXX,XXXX,XXXX,XXXX,XXXX,XXXX,XXXX,XXXX,XXXX,XXXX,XXXX,XXXX,XXXX,XXXX,XXXX,XXXX,XXXX,XXXX,XXXX,XXXX,XXXX,XXXX,XXXX,XXXX,XXXX,XXXX,XXXX,XXXX,XXXX,XXXX,XXXX,XXXX,XXXX,XXXX,XXXX,XXXX,XXXX,XXXX,XXXX,XXXX,XXXX,XXXX,XXXX,XXXX,XXXX,XXXX,XXXX,XXXX,XXXX,XXXX,XXXX,XXXX,XXXX,XXXX,XXXX,XXXX,XXXX,XXXX,XXXX,XXXX,XXXX,XXXX,XXXX,XXXX,XXXX,XXXX,XXXX,XXXX,XXXX,XXXX,XXXX,XXXX,XXXX,XXXX,XXXX,XXXX,XXXX,XXXX,XXXX,XXXX,XXXX,XXXX,XXXX,XXXX,XXXX,XXXX,XXXX,XXXX,XXXX,XXXX,XXXX,XXXX,XXXX,XXXX,XXXX,XXXX,XXXX,XXXX,XXXX,XXXX,XXXX,XXXX,XXXX,XXXX,XXXX,XXXX,XXXX,XXXX,XXXX,XXXX,XXXX,XXXX,XXXX,XXXX,XXXX,XXXX,XXXX,XXXX,XXXX,XXXX,XXXX,XXXX,XXXX,XXXX,XXXX,XXXX,XXXX,XXXX,XXXX,XXXX,XXXX,XXXX,XXXX,XXXX,XXXX,XXXX,XXXX,XXXX,XXXX,XXXX,XXXX,XXXX,XXXX,XXXX,XXXX,XXXX,XXXX,XXXX,XXXX,XXXX,XXXX,XXXX,XXXX,XXXX,XXXX,XXXX,XXXX,XXXX,XXXX,XXXX,XXXX,XXXX,XXXX,CFG_BBMUXW4<4>,CFG_BBMUXW4<8>,CFG_BBMUXW4<5>,CFG_BBMUXW4<2>,CFG_BBMUXW4<0>,XXXX,XXXX,XXXX,XXXX,XXXX,XXXX,
W55,XXXX,XXXX,XXXX,XXXX,XXXX,XXXX,XXXX,XXXX,XXXX,XXXX,XXXX,XXXX,XXXX,XXXX,XXXX,XXXX,XXXX,XXXX,XXXX,XXXX,XXXX,XXXX,XXXX,XXXX,XXXX,XXXX,XXXX,XXXX,XXXX,XXXX,XXXX,XXXX,XXXX,XXXX,XXXX,XXXX,XXXX,XXXX,XXXX,XXXX,XXXX,XXXX,XXXX,XXXX,XXXX,XXXX,XXXX,XXXX,XXXX,XXXX,XXXX,XXXX,XXXX,XXXX,XXXX,XXXX,XXXX,XXXX,XXXX,XXXX,XXXX,XXXX,XXXX,XXXX,XXXX,XXXX,XXXX,XXXX,XXXX,XXXX,XXXX,XXXX,XXXX,XXXX,XXXX,XXXX,XXXX,XXXX,XXXX,XXXX,XXXX,XXXX,XXXX,XXXX,XXXX,XXXX,XXXX,XXXX,XXXX,XXXX,XXXX,XXXX,XXXX,XXXX,XXXX,XXXX,XXXX,XXXX,XXXX,XXXX,XXXX,XXXX,XXXX,XXXX,XXXX,XXXX,XXXX,XXXX,XXXX,XXXX,XXXX,XXXX,XXXX,XXXX,XXXX,XXXX,XXXX,XXXX,XXXX,XXXX,XXXX,XXXX,XXXX,XXXX,XXXX,XXXX,XXXX,XXXX,XXXX,XXXX,XXXX,XXXX,XXXX,XXXX,XXXX,XXXX,XXXX,XXXX,XXXX,XXXX,XXXX,XXXX,XXXX,XXXX,XXXX,XXXX,XXXX,XXXX,XXXX,XXXX,XXXX,XXXX,XXXX,XXXX,XXXX,XXXX,XXXX,XXXX,XXXX,XXXX,XXXX,XXXX,XXXX,XXXX,XXXX,XXXX,XXXX,XXXX,XXXX,CFG_BBMUXW5<4>,CFG_BBMUXW5<8>,CFG_BBMUXW5<5>,CFG_BBMUXW5<2>,CFG_BBMUXW5<0>,XXXX,XXXX,XXXX,XXXX,XXXX,XXXX,
W56,XXXX,XXXX,XXXX,XXXX,XXXX,XXXX,XXXX,XXXX,XXXX,XXXX,XXXX,XXXX,XXXX,XXXX,XXXX,XXXX,XXXX,XXXX,XXXX,XXXX,XXXX,XXXX,XXXX,XXXX,XXXX,XXXX,XXXX,XXXX,XXXX,XXXX,XXXX,XXXX,XXXX,XXXX,XXXX,XXXX,XXXX,XXXX,XXXX,XXXX,XXXX,XXXX,XXXX,XXXX,XXXX,XXXX,XXXX,XXXX,XXXX,XXXX,XXXX,XXXX,XXXX,XXXX,XXXX,XXXX,XXXX,XXXX,XXXX,XXXX,XXXX,XXXX,XXXX,XXXX,XXXX,XXXX,XXXX,XXXX,XXXX,XXXX,XXXX,XXXX,XXXX,XXXX,XXXX,XXXX,XXXX,XXXX,XXXX,XXXX,XXXX,XXXX,XXXX,XXXX,XXXX,XXXX,XXXX,XXXX,XXXX,XXXX,XXXX,XXXX,XXXX,XXXX,XXXX,XXXX,XXXX,XXXX,XXXX,XXXX,XXXX,XXXX,XXXX,XXXX,XXXX,XXXX,XXXX,XXXX,XXXX,XXXX,XXXX,XXXX,XXXX,XXXX,XXXX,XXXX,XXXX,XXXX,XXXX,XXXX,XXXX,XXXX,XXXX,XXXX,XXXX,XXXX,XXXX,XXXX,XXXX,XXXX,XXXX,XXXX,XXXX,XXXX,XXXX,XXXX,XXXX,XXXX,XXXX,XXXX,XXXX,XXXX,XXXX,XXXX,XXXX,XXXX,XXXX,XXXX,XXXX,XXXX,XXXX,XXXX,XXXX,XXXX,XXXX,XXXX,XXXX,XXXX,XXXX,XXXX,XXXX,XXXX,XXXX,XXXX,XXXX,XXXX,XXXX,XXXX,XXXX,XXXX,XXXX,XXXX,XXXX,XXXX,XXXX,XXXX,XXXX,XXXX,XXXX,XXXX,
W57,XXXX,XXXX,XXXX,XXXX,XXXX,XXXX,XXXX,XXXX,XXXX,XXXX,XXXX,XXXX,XXXX,XXXX,XXXX,XXXX,XXXX,XXXX,XXXX,XXXX,XXXX,XXXX,XXXX,XXXX,XXXX,XXXX,XXXX,XXXX,XXXX,XXXX,XXXX,XXXX,XXXX,XXXX,XXXX,XXXX,XXXX,XXXX,XXXX,XXXX,XXXX,XXXX,XXXX,XXXX,XXXX,XXXX,XXXX,XXXX,XXXX,XXXX,XXXX,XXXX,XXXX,XXXX,XXXX,XXXX,XXXX,XXXX,XXXX,XXXX,XXXX,XXXX,XXXX,XXXX,XXXX,XXXX,XXXX,XXXX,XXXX,XXXX,XXXX,XXXX,XXXX,XXXX,XXXX,XXXX,XXXX,XXXX,XXXX,XXXX,XXXX,XXXX,XXXX,XXXX,XXXX,XXXX,XXXX,XXXX,XXXX,XXXX,XXXX,XXXX,XXXX,XXXX,XXXX,XXXX,XXXX,XXXX,XXXX,XXXX,XXXX,XXXX,XXXX,XXXX,XXXX,XXXX,XXXX,XXXX,XXXX,XXXX,XXXX,XXXX,XXXX,XXXX,XXXX,XXXX,XXXX,XXXX,XXXX,XXXX,XXXX,XXXX,XXXX,XXXX,XXXX,XXXX,XXXX,XXXX,XXXX,XXXX,XXXX,XXXX,XXXX,XXXX,XXXX,XXXX,XXXX,XXXX,XXXX,XXXX,XXXX,XXXX,XXXX,XXXX,XXXX,XXXX,XXXX,XXXX,XXXX,XXXX,XXXX,XXXX,XXXX,XXXX,XXXX,XXXX,XXXX,XXXX,XXXX,XXXX,XXXX,XXXX,XXXX,XXXX,XXXX,XXXX,XXXX,XXXX,XXXX,CFG_BBMUXW5<9>,CFG_BBMUXW5<7>,CFG_BBMUXW5<6>,CFG_BBMUXW5<3>,CFG_BBMUXW5<1>,CFG_SEAMMUX<107>,CFG_SEAMMUX<106>,CFG_SEAMMUX<105>,CFG_SEAMMUX<104>,CFG_SEAMMUX<103>,CFG_SEAMMUX<102>,
W58,XXXX,XXXX,XXXX,XXXX,XXXX,XXXX,XXXX,XXXX,XXXX,XXXX,XXXX,XXXX,XXXX,XXXX,XXXX,XXXX,XXXX,XXXX,XXXX,XXXX,XXXX,XXXX,XXXX,XXXX,XXXX,XXXX,XXXX,XXXX,XXXX,XXXX,XXXX,XXXX,XXXX,XXXX,XXXX,XXXX,XXXX,XXXX,XXXX,XXXX,XXXX,XXXX,XXXX,XXXX,XXXX,XXXX,XXXX,XXXX,XXXX,XXXX,XXXX,XXXX,XXXX,XXXX,XXXX,XXXX,XXXX,XXXX,XXXX,XXXX,XXXX,XXXX,XXXX,XXXX,XXXX,XXXX,XXXX,XXXX,XXXX,XXXX,XXXX,XXXX,XXXX,XXXX,XXXX,XXXX,XXXX,XXXX,XXXX,XXXX,XXXX,XXXX,XXXX,XXXX,XXXX,XXXX,XXXX,XXXX,XXXX,XXXX,XXXX,XXXX,XXXX,XXXX,XXXX,XXXX,XXXX,XXXX,XXXX,XXXX,XXXX,XXXX,XXXX,XXXX,XXXX,XXXX,XXXX,XXXX,XXXX,XXXX,XXXX,XXXX,XXXX,XXXX,XXXX,XXXX,XXXX,XXXX,XXXX,XXXX,XXXX,XXXX,XXXX,XXXX,XXXX,XXXX,XXXX,XXXX,XXXX,XXXX,XXXX,XXXX,XXXX,XXXX,XXXX,XXXX,XXXX,XXXX,XXXX,XXXX,XXXX,XXXX,XXXX,XXXX,XXXX,XXXX,XXXX,XXXX,XXXX,XXXX,XXXX,XXXX,XXXX,XXXX,XXXX,XXXX,XXXX,XXXX,XXXX,XXXX,XXXX,XXXX,XXXX,XXXX,XXXX,XXXX,XXXX,XXXX,XXXX,CFG_BBMUXW6<9>,CFG_BBMUXW6<7>,CFG_BBMUXW6<6>,CFG_BBMUXW6<3>,CFG_BBMUXW6<1>,CFG_SEAMMUX<113>,CFG_SEAMMUX<112>,CFG_SEAMMUX<111>,CFG_SEAMMUX<110>,CFG_SEAMMUX<109>,CFG_SEAMMUX<108>,
W59,XXXX,XXXX,XXXX,XXXX,XXXX,XXXX,XXXX,XXXX,XXXX,XXXX,XXXX,XXXX,XXXX,XXXX,XXXX,XXXX,XXXX,XXXX,XXXX,XXXX,XXXX,XXXX,XXXX,XXXX,XXXX,XXXX,XXXX,XXXX,XXXX,XXXX,XXXX,XXXX,XXXX,XXXX,XXXX,XXXX,XXXX,XXXX,XXXX,XXXX,XXXX,XXXX,XXXX,XXXX,XXXX,XXXX,XXXX,XXXX,XXXX,XXXX,XXXX,XXXX,XXXX,XXXX,XXXX,XXXX,XXXX,XXXX,XXXX,XXXX,XXXX,XXXX,XXXX,XXXX,XXXX,XXXX,XXXX,XXXX,XXXX,XXXX,XXXX,XXXX,XXXX,XXXX,XXXX,XXXX,XXXX,XXXX,XXXX,XXXX,XXXX,XXXX,XXXX,XXXX,XXXX,XXXX,XXXX,XXXX,XXXX,XXXX,XXXX,XXXX,XXXX,XXXX,XXXX,XXXX,XXXX,XXXX,XXXX,XXXX,XXXX,XXXX,XXXX,XXXX,XXXX,XXXX,XXXX,XXXX,XXXX,XXXX,XXXX,XXXX,XXXX,XXXX,XXXX,XXXX,XXXX,XXXX,XXXX,XXXX,XXXX,XXXX,XXXX,XXXX,XXXX,XXXX,XXXX,XXXX,XXXX,XXXX,XXXX,XXXX,XXXX,XXXX,XXXX,XXXX,XXXX,XXXX,XXXX,XXXX,XXXX,XXXX,XXXX,XXXX,XXXX,XXXX,XXXX,XXXX,XXXX,XXXX,XXXX,XXXX,XXXX,XXXX,XXXX,XXXX,XXXX,XXXX,XXXX,XXXX,XXXX,XXXX,XXXX,XXXX,XXXX,XXXX,XXXX,XXXX,XXXX,XXXX,XXXX,XXXX,XXXX,XXXX,XXXX,XXXX,XXXX,XXXX,XXXX,XXXX,
W60,XXXX,XXXX,XXXX,XXXX,XXXX,XXXX,XXXX,XXXX,XXXX,XXXX,XXXX,XXXX,XXXX,XXXX,XXXX,XXXX,XXXX,XXXX,XXXX,XXXX,XXXX,XXXX,XXXX,XXXX,XXXX,XXXX,XXXX,XXXX,XXXX,XXXX,XXXX,XXXX,XXXX,XXXX,XXXX,XXXX,XXXX,XXXX,XXXX,XXXX,XXXX,XXXX,XXXX,XXXX,XXXX,XXXX,XXXX,XXXX,XXXX,XXXX,XXXX,XXXX,XXXX,XXXX,XXXX,XXXX,XXXX,XXXX,XXXX,XXXX,XXXX,XXXX,XXXX,XXXX,XXXX,XXXX,XXXX,XXXX,XXXX,XXXX,XXXX,XXXX,XXXX,XXXX,XXXX,XXXX,XXXX,XXXX,XXXX,XXXX,XXXX,XXXX,XXXX,XXXX,XXXX,XXXX,XXXX,XXXX,XXXX,XXXX,XXXX,XXXX,XXXX,XXXX,XXXX,XXXX,XXXX,XXXX,XXXX,XXXX,XXXX,XXXX,XXXX,XXXX,XXXX,XXXX,XXXX,XXXX,XXXX,XXXX,XXXX,XXXX,XXXX,XXXX,XXXX,XXXX,XXXX,XXXX,XXXX,XXXX,XXXX,XXXX,XXXX,XXXX,XXXX,XXXX,XXXX,XXXX,XXXX,XXXX,XXXX,XXXX,XXXX,XXXX,XXXX,XXXX,XXXX,XXXX,XXXX,XXXX,XXXX,XXXX,XXXX,XXXX,XXXX,XXXX,XXXX,XXXX,XXXX,XXXX,XXXX,XXXX,XXXX,XXXX,XXXX,XXXX,XXXX,XXXX,XXXX,XXXX,XXXX,XXXX,XXXX,XXXX,XXXX,XXXX,XXXX,XXXX,XXXX,CFG_BBMUXW6<4>,CFG_BBMUXW6<8>,CFG_BBMUXW6<5>,CFG_BBMUXW6<2>,CFG_BBMUXW6<0>,XXXX,XXXX,XXXX,XXXX,XXXX,XXXX,
W61,XXXX,XXXX,XXXX,XXXX,XXXX,XXXX,XXXX,XXXX,XXXX,XXXX,XXXX,XXXX,XXXX,XXXX,XXXX,XXXX,XXXX,XXXX,XXXX,XXXX,XXXX,XXXX,XXXX,XXXX,XXXX,XXXX,XXXX,XXXX,XXXX,XXXX,XXXX,XXXX,XXXX,XXXX,XXXX,XXXX,XXXX,XXXX,XXXX,XXXX,XXXX,XXXX,XXXX,XXXX,XXXX,XXXX,XXXX,XXXX,XXXX,XXXX,XXXX,XXXX,XXXX,XXXX,XXXX,XXXX,XXXX,XXXX,XXXX,XXXX,XXXX,XXXX,XXXX,XXXX,XXXX,XXXX,XXXX,XXXX,XXXX,XXXX,XXXX,XXXX,XXXX,XXXX,XXXX,XXXX,XXXX,XXXX,XXXX,XXXX,XXXX,XXXX,XXXX,XXXX,XXXX,XXXX,XXXX,XXXX,XXXX,XXXX,XXXX,XXXX,XXXX,XXXX,XXXX,XXXX,XXXX,XXXX,XXXX,XXXX,XXXX,XXXX,XXXX,XXXX,XXXX,XXXX,XXXX,XXXX,XXXX,XXXX,XXXX,XXXX,XXXX,XXXX,XXXX,XXXX,XXXX,XXXX,XXXX,XXXX,XXXX,XXXX,XXXX,XXXX,XXXX,XXXX,XXXX,XXXX,XXXX,XXXX,XXXX,XXXX,XXXX,XXXX,XXXX,XXXX,XXXX,XXXX,XXXX,XXXX,XXXX,XXXX,XXXX,XXXX,XXXX,XXXX,XXXX,XXXX,XXXX,XXXX,XXXX,XXXX,XXXX,XXXX,XXXX,XXXX,XXXX,XXXX,XXXX,XXXX,XXXX,XXXX,XXXX,XXXX,XXXX,XXXX,XXXX,XXXX,XXXX,CFG_BBMUXW7<4>,CFG_BBMUXW7<8>,CFG_BBMUXW7<5>,CFG_BBMUXW7<2>,CFG_BBMUXW7<0>,XXXX,XXXX,XXXX,XXXX,XXXX,XXXX,
W62,XXXX,XXXX,XXXX,XXXX,XXXX,XXXX,XXXX,XXXX,XXXX,XXXX,XXXX,XXXX,XXXX,XXXX,XXXX,XXXX,XXXX,XXXX,XXXX,XXXX,XXXX,XXXX,XXXX,XXXX,XXXX,XXXX,XXXX,XXXX,XXXX,XXXX,XXXX,XXXX,XXXX,XXXX,XXXX,XXXX,XXXX,XXXX,XXXX,XXXX,XXXX,XXXX,XXXX,XXXX,XXXX,XXXX,XXXX,XXXX,XXXX,XXXX,XXXX,XXXX,XXXX,XXXX,XXXX,XXXX,XXXX,XXXX,XXXX,XXXX,XXXX,XXXX,XXXX,XXXX,XXXX,XXXX,XXXX,XXXX,XXXX,XXXX,XXXX,XXXX,XXXX,XXXX,XXXX,XXXX,XXXX,XXXX,XXXX,XXXX,XXXX,XXXX,XXXX,XXXX,XXXX,XXXX,XXXX,XXXX,XXXX,XXXX,XXXX,XXXX,XXXX,XXXX,XXXX,XXXX,XXXX,XXXX,XXXX,XXXX,XXXX,XXXX,XXXX,XXXX,XXXX,XXXX,XXXX,XXXX,XXXX,XXXX,XXXX,XXXX,XXXX,XXXX,XXXX,XXXX,XXXX,XXXX,XXXX,XXXX,XXXX,XXXX,XXXX,XXXX,XXXX,XXXX,XXXX,XXXX,XXXX,XXXX,XXXX,XXXX,XXXX,XXXX,XXXX,XXXX,XXXX,XXXX,XXXX,XXXX,XXXX,XXXX,XXXX,XXXX,XXXX,XXXX,XXXX,XXXX,XXXX,XXXX,XXXX,XXXX,XXXX,XXXX,XXXX,XXXX,XXXX,XXXX,XXXX,XXXX,XXXX,XXXX,XXXX,XXXX,XXXX,XXXX,XXXX,XXXX,XXXX,XXXX,XXXX,XXXX,XXXX,XXXX,XXXX,XXXX,XXXX,XXXX,XXXX,XXXX,
W63,XXXX,XXXX,XXXX,XXXX,XXXX,XXXX,XXXX,XXXX,XXXX,XXXX,XXXX,XXXX,XXXX,XXXX,XXXX,XXXX,XXXX,XXXX,XXXX,XXXX,XXXX,XXXX,XXXX,XXXX,XXXX,XXXX,XXXX,XXXX,XXXX,XXXX,XXXX,XXXX,XXXX,XXXX,XXXX,XXXX,XXXX,XXXX,XXXX,XXXX,XXXX,XXXX,XXXX,XXXX,XXXX,XXXX,XXXX,XXXX,XXXX,XXXX,XXXX,XXXX,XXXX,XXXX,XXXX,XXXX,XXXX,XXXX,XXXX,XXXX,XXXX,XXXX,XXXX,XXXX,XXXX,XXXX,XXXX,XXXX,XXXX,XXXX,XXXX,XXXX,XXXX,XXXX,XXXX,XXXX,XXXX,XXXX,XXXX,XXXX,XXXX,XXXX,XXXX,XXXX,XXXX,XXXX,XXXX,XXXX,XXXX,XXXX,XXXX,XXXX,XXXX,XXXX,XXXX,XXXX,XXXX,XXXX,XXXX,XXXX,XXXX,XXXX,XXXX,XXXX,XXXX,XXXX,XXXX,XXXX,XXXX,XXXX,XXXX,XXXX,XXXX,XXXX,XXXX,XXXX,XXXX,XXXX,XXXX,XXXX,XXXX,XXXX,XXXX,XXXX,XXXX,XXXX,XXXX,XXXX,XXXX,XXXX,XXXX,XXXX,XXXX,XXXX,XXXX,XXXX,XXXX,XXXX,XXXX,XXXX,XXXX,XXXX,XXXX,XXXX,XXXX,XXXX,XXXX,XXXX,XXXX,XXXX,XXXX,XXXX,XXXX,XXXX,XXXX,XXXX,XXXX,XXXX,XXXX,XXXX,XXXX,XXXX,XXXX,XXXX,XXXX,XXXX,XXXX,XXXX,XXXX,CFG_BBMUXW7<9>,CFG_BBMUXW7<7>,CFG_BBMUXW7<6>,CFG_BBMUXW7<3>,CFG_BBMUXW7<1>,CFG_SEAMMUX<119>,CFG_SEAMMUX<118>,CFG_SEAMMUX<117>,CFG_SEAMMUX<116>,CFG_SEAMMUX<115>,CFG_SEAMMUX<114>,
W64,XXXX,XXXX,XXXX,XXXX,XXXX,XXXX,XXXX,XXXX,XXXX,XXXX,XXXX,XXXX,XXXX,XXXX,XXXX,XXXX,XXXX,XXXX,XXXX,XXXX,XXXX,XXXX,XXXX,XXXX,XXXX,XXXX,XXXX,XXXX,XXXX,XXXX,XXXX,XXXX,XXXX,XXXX,XXXX,XXXX,XXXX,XXXX,XXXX,XXXX,XXXX,XXXX,XXXX,XXXX,XXXX,XXXX,XXXX,XXXX,XXXX,XXXX,XXXX,XXXX,XXXX,XXXX,XXXX,XXXX,XXXX,XXXX,XXXX,XXXX,XXXX,XXXX,XXXX,XXXX,XXXX,XXXX,XXXX,XXXX,XXXX,XXXX,XXXX,XXXX,XXXX,XXXX,XXXX,XXXX,XXXX,XXXX,XXXX,XXXX,XXXX,XXXX,XXXX,XXXX,XXXX,XXXX,XXXX,XXXX,XXXX,XXXX,XXXX,XXXX,XXXX,XXXX,XXXX,XXXX,XXXX,XXXX,XXXX,XXXX,XXXX,XXXX,XXXX,XXXX,XXXX,XXXX,XXXX,XXXX,XXXX,XXXX,XXXX,XXXX,XXXX,XXXX,XXXX,XXXX,XXXX,XXXX,XXXX,XXXX,XXXX,XXXX,XXXX,XXXX,XXXX,XXXX,XXXX,XXXX,XXXX,XXXX,XXXX,XXXX,XXXX,XXXX,XXXX,XXXX,XXXX,XXXX,XXXX,XXXX,XXXX,XXXX,XXXX,XXXX,XXXX,XXXX,XXXX,XXXX,XXXX,XXXX,XXXX,XXXX,XXXX,XXXX,XXXX,XXXX,XXXX,XXXX,XXXX,XXXX,XXXX,XXXX,XXXX,XXXX,XXXX,XXXX,XXXX,XXXX,XXXX,XXXX,XXXX,XXXX,XXXX,XXXX,XXXX,XXXX,XXXX,XXXX,XXXX,XXXX,
W65,XXXX,XXXX,XXXX,XXXX,XXXX,XXXX,XXXX,XXXX,XXXX,XXXX,XXXX,XXXX,XXXX,XXXX,XXXX,XXXX,XXXX,XXXX,XXXX,XXXX,XXXX,XXXX,XXXX,XXXX,XXXX,XXXX,XXXX,XXXX,XXXX,XXXX,XXXX,XXXX,XXXX,XXXX,XXXX,XXXX,XXXX,XXXX,XXXX,XXXX,XXXX,XXXX,XXXX,XXXX,XXXX,XXXX,XXXX,XXXX,XXXX,XXXX,XXXX,XXXX,XXXX,XXXX,XXXX,XXXX,XXXX,XXXX,XXXX,XXXX,XXXX,XXXX,XXXX,XXXX,XXXX,XXXX,XXXX,XXXX,XXXX,XXXX,XXXX,XXXX,XXXX,XXXX,XXXX,XXXX,XXXX,XXXX,XXXX,XXXX,XXXX,XXXX,XXXX,XXXX,XXXX,XXXX,XXXX,XXXX,XXXX,XXXX,XXXX,XXXX,XXXX,XXXX,XXXX,XXXX,XXXX,XXXX,XXXX,XXXX,XXXX,XXXX,XXXX,XXXX,XXXX,XXXX,XXXX,XXXX,XXXX,XXXX,XXXX,XXXX,XXXX,XXXX,XXXX,XXXX,XXXX,XXXX,XXXX,XXXX,XXXX,XXXX,XXXX,XXXX,XXXX,XXXX,XXXX,XXXX,XXXX,XXXX,XXXX,XXXX,XXXX,XXXX,XXXX,XXXX,XXXX,XXXX,XXXX,XXXX,XXXX,XXXX,XXXX,XXXX,XXXX,XXXX,XXXX,XXXX,XXXX,XXXX,XXXX,XXXX,XXXX,XXXX,XXXX,XXXX,XXXX,XXXX,XXXX,XXXX,XXXX,XXXX,XXXX,XXXX,XXXX,XXXX,XXXX,XXXX,XXXX,XXXX,XXXX,XXXX,XXXX,XXXX,XXXX,XXXX,XXXX,XXXX,XXXX,XXXX,
W66,XXXX,XXXX,XXXX,XXXX,XXXX,XXXX,XXXX,XXXX,XXXX,XXXX,XXXX,XXXX,XXXX,XXXX,XXXX,XXXX,XXXX,XXXX,XXXX,XXXX,XXXX,XXXX,XXXX,XXXX,XXXX,XXXX,XXXX,XXXX,XXXX,XXXX,XXXX,XXXX,XXXX,XXXX,XXXX,XXXX,XXXX,XXXX,XXXX,XXXX,XXXX,XXXX,XXXX,XXXX,XXXX,XXXX,XXXX,XXXX,XXXX,XXXX,XXXX,XXXX,XXXX,XXXX,XXXX,XXXX,XXXX,XXXX,XXXX,XXXX,XXXX,XXXX,XXXX,XXXX,XXXX,XXXX,XXXX,XXXX,XXXX,XXXX,XXXX,XXXX,XXXX,XXXX,XXXX,XXXX,XXXX,XXXX,XXXX,XXXX,XXXX,XXXX,XXXX,XXXX,XXXX,XXXX,XXXX,XXXX,XXXX,XXXX,XXXX,XXXX,XXXX,XXXX,XXXX,XXXX,XXXX,XXXX,XXXX,XXXX,XXXX,XXXX,XXXX,XXXX,XXXX,XXXX,XXXX,XXXX,XXXX,XXXX,XXXX,XXXX,XXXX,XXXX,XXXX,XXXX,XXXX,XXXX,XXXX,XXXX,XXXX,XXXX,XXXX,XXXX,XXXX,XXXX,XXXX,XXXX,XXXX,XXXX,XXXX,XXXX,XXXX,XXXX,XXXX,XXXX,XXXX,XXXX,XXXX,XXXX,XXXX,XXXX,XXXX,XXXX,XXXX,XXXX,XXXX,XXXX,XXXX,XXXX,XXXX,XXXX,XXXX,XXXX,XXXX,XXXX,XXXX,XXXX,XXXX,XXXX,XXXX,XXXX,XXXX,XXXX,XXXX,XXXX,XXXX,XXXX,XXXX,XXXX,XXXX,XXXX,XXXX,XXXX,XXXX,XXXX,XXXX,XXXX,XXXX,XXXX,
W67,XXXX,XXXX,XXXX,XXXX,XXXX,XXXX,XXXX,XXXX,XXXX,XXXX,XXXX,XXXX,XXXX,XXXX,XXXX,XXXX,XXXX,XXXX,XXXX,XXXX,XXXX,XXXX,XXXX,XXXX,XXXX,XXXX,XXXX,XXXX,XXXX,XXXX,XXXX,XXXX,XXXX,XXXX,XXXX,XXXX,XXXX,XXXX,XXXX,XXXX,XXXX,XXXX,XXXX,XXXX,XXXX,XXXX,XXXX,XXXX,XXXX,XXXX,XXXX,XXXX,XXXX,XXXX,XXXX,XXXX,XXXX,XXXX,XXXX,XXXX,XXXX,XXXX,XXXX,XXXX,XXXX,XXXX,XXXX,XXXX,XXXX,XXXX,XXXX,XXXX,XXXX,XXXX,XXXX,XXXX,XXXX,XXXX,XXXX,XXXX,XXXX,XXXX,XXXX,XXXX,XXXX,XXXX,XXXX,XXXX,XXXX,XXXX,XXXX,XXXX,XXXX,XXXX,XXXX,XXXX,XXXX,XXXX,XXXX,XXXX,XXXX,XXXX,XXXX,XXXX,XXXX,XXXX,XXXX,XXXX,XXXX,XXXX,XXXX,XXXX,XXXX,XXXX,XXXX,XXXX,XXXX,XXXX,XXXX,XXXX,XXXX,XXXX,XXXX,XXXX,XXXX,XXXX,XXXX,XXXX,XXXX,XXXX,XXXX,XXXX,XXXX,XXXX,XXXX,XXXX,XXXX,XXXX,XXXX,XXXX,XXXX,XXXX,XXXX,XXXX,XXXX,XXXX,XXXX,XXXX,XXXX,XXXX,XXXX,XXXX,XXXX,XXXX,XXXX,XXXX,XXXX,XXXX,XXXX,XXXX,XXXX,XXXX,XXXX,XXXX,XXXX,XXXX,XXXX,XXXX,XXXX,XXXX,XXXX,XXXX,XXXX,XXXX,XXXX,XXXX,XXXX,XXXX,XXXX,XXXX,

