netlist,B0,B1,B2,B3,B4,B5,B6,B7,B8,B9,B10,B11,B12,B13,B14,B15,B16,B17,B18,B19,B20,B21,B22,B23,B24,B25,
W0,CFG_RMUX0<7>,CFG_RMUX0<6>,CFG_RMUX0<4>,CFG_RMUX0<2>,CFG_RMUX0<0>,CFG_RMUX0<20>,CFG_RMUX0<22>,CFG_RMUX0<24>,CFG_RMUX0<26>,CFG_RMUX0<27>,CFG_RMUX0<47>,CFG_RMUX0<46>,CFG_RMUX0<44>,CFG_RMUX0<42>,CFG_RMUX0<40>,CFG_KMUX0<0>,CFG_KMUX0<2>,CFG_KMUX0<4>,CFG_KMUX0<6>,CFG_KMUX0<7>,CFG_KMUX1<7>,CFG_KMUX1<6>,CFG_KMUX1<4>,CFG_KMUX1<2>,CFG_KMUX1<0>,CFG_KMUX0<10>,
W1,CFG_RMUX0<8>,CFG_RMUX0<9>,CFG_RMUX0<5>,CFG_RMUX0<3>,CFG_RMUX0<1>,CFG_RMUX0<21>,CFG_RMUX0<23>,CFG_RMUX0<25>,CFG_RMUX0<29>,CFG_RMUX0<28>,CFG_RMUX0<48>,CFG_RMUX0<49>,CFG_RMUX0<45>,CFG_RMUX0<43>,CFG_RMUX0<41>,CFG_KMUX0<1>,CFG_KMUX0<3>,CFG_KMUX0<5>,CFG_KMUX0<9>,CFG_KMUX0<8>,CFG_KMUX1<8>,CFG_KMUX1<9>,CFG_KMUX1<5>,CFG_KMUX1<3>,CFG_KMUX1<1>,CFG_KMUX1<10>,
W2,CFG_RMUX1<7>,CFG_RMUX1<6>,CFG_RMUX1<4>,CFG_RMUX1<2>,CFG_RMUX1<0>,CFG_RMUX1<20>,CFG_RMUX1<22>,CFG_RMUX1<24>,CFG_RMUX1<26>,CFG_RMUX1<27>,CFG_RMUX1<47>,CFG_RMUX1<46>,CFG_RMUX1<44>,CFG_RMUX1<42>,CFG_RMUX1<40>,CFG_KMUX2<0>,CFG_KMUX2<2>,CFG_KMUX2<4>,CFG_KMUX2<6>,CFG_KMUX2<7>,CFG_KMUX3<7>,CFG_KMUX3<6>,CFG_KMUX3<4>,CFG_KMUX3<2>,CFG_KMUX3<0>,CFG_KMUX2<10>,
W3,CFG_RMUX1<8>,CFG_RMUX1<9>,CFG_RMUX1<5>,CFG_RMUX1<3>,CFG_RMUX1<1>,CFG_RMUX1<21>,CFG_RMUX1<23>,CFG_RMUX1<25>,CFG_RMUX1<29>,CFG_RMUX1<28>,CFG_RMUX1<48>,CFG_RMUX1<49>,CFG_RMUX1<45>,CFG_RMUX1<43>,CFG_RMUX1<41>,CFG_KMUX2<1>,CFG_KMUX2<3>,CFG_KMUX2<5>,CFG_KMUX2<9>,CFG_KMUX2<8>,CFG_KMUX3<8>,CFG_KMUX3<9>,CFG_KMUX3<5>,CFG_KMUX3<3>,CFG_KMUX3<1>,CFG_KMUX3<10>,
W4,CFG_RMUX2<57>,CFG_RMUX2<56>,CFG_RMUX2<54>,CFG_RMUX2<52>,CFG_RMUX2<50>,CFG_RMUX2<10>,CFG_RMUX2<12>,CFG_RMUX2<14>,CFG_RMUX2<16>,CFG_RMUX2<17>,CFG_RMUX2<37>,CFG_RMUX2<36>,CFG_RMUX2<34>,CFG_RMUX2<32>,CFG_RMUX2<30>,CFG_KMUX4<0>,CFG_KMUX4<2>,CFG_KMUX4<4>,CFG_KMUX4<6>,CFG_KMUX4<7>,CFG_KMUX5<7>,CFG_KMUX5<6>,CFG_KMUX5<4>,CFG_KMUX5<2>,CFG_KMUX5<0>,CFG_KMUX4<10>,
W5,CFG_RMUX2<58>,CFG_RMUX2<59>,CFG_RMUX2<55>,CFG_RMUX2<53>,CFG_RMUX2<51>,CFG_RMUX2<11>,CFG_RMUX2<13>,CFG_RMUX2<15>,CFG_RMUX2<19>,CFG_RMUX2<18>,CFG_RMUX2<38>,CFG_RMUX2<39>,CFG_RMUX2<35>,CFG_RMUX2<33>,CFG_RMUX2<31>,CFG_KMUX4<1>,CFG_KMUX4<3>,CFG_KMUX4<5>,CFG_KMUX4<9>,CFG_KMUX4<8>,CFG_KMUX5<8>,CFG_KMUX5<9>,CFG_KMUX5<5>,CFG_KMUX5<3>,CFG_KMUX5<1>,CFG_KMUX5<10>,
W6,CFG_RMUX3<57>,CFG_RMUX3<56>,CFG_RMUX3<54>,CFG_RMUX3<52>,CFG_RMUX3<50>,CFG_RMUX3<10>,CFG_RMUX3<12>,CFG_RMUX3<14>,CFG_RMUX3<16>,CFG_RMUX3<17>,CFG_RMUX3<37>,CFG_RMUX3<36>,CFG_RMUX3<34>,CFG_RMUX3<32>,CFG_RMUX3<30>,CFG_KMUX6<0>,CFG_KMUX6<2>,CFG_KMUX6<4>,CFG_KMUX6<6>,CFG_KMUX6<7>,CFG_KMUX7<7>,CFG_KMUX7<6>,CFG_KMUX7<4>,CFG_KMUX7<2>,CFG_KMUX7<0>,CFG_KMUX6<10>,
W7,CFG_RMUX3<58>,CFG_RMUX3<59>,CFG_RMUX3<55>,CFG_RMUX3<53>,CFG_RMUX3<51>,CFG_RMUX3<11>,CFG_RMUX3<13>,CFG_RMUX3<15>,CFG_RMUX3<19>,CFG_RMUX3<18>,CFG_RMUX3<38>,CFG_RMUX3<39>,CFG_RMUX3<35>,CFG_RMUX3<33>,CFG_RMUX3<31>,CFG_KMUX6<1>,CFG_KMUX6<3>,CFG_KMUX6<5>,CFG_KMUX6<9>,CFG_KMUX6<8>,CFG_KMUX7<8>,CFG_KMUX7<9>,CFG_KMUX7<5>,CFG_KMUX7<3>,CFG_KMUX7<1>,CFG_KMUX7<10>,
W8,CFG_RMUX0<17>,CFG_RMUX0<16>,CFG_RMUX0<14>,CFG_RMUX0<12>,CFG_RMUX0<10>,CFG_RMUX0<30>,CFG_RMUX0<32>,CFG_RMUX0<34>,CFG_RMUX0<36>,CFG_RMUX0<37>,CFG_RMUX0<57>,CFG_RMUX0<56>,CFG_RMUX0<54>,CFG_RMUX0<52>,CFG_RMUX0<50>,CFG_KMUX8<0>,CFG_KMUX8<2>,CFG_KMUX8<4>,CFG_KMUX8<6>,CFG_KMUX8<7>,CFG_KMUX9<7>,CFG_KMUX9<6>,CFG_KMUX9<4>,CFG_KMUX9<2>,CFG_KMUX9<0>,CFG_KMUX8<10>,
W9,CFG_RMUX0<18>,CFG_RMUX0<19>,CFG_RMUX0<15>,CFG_RMUX0<13>,CFG_RMUX0<11>,CFG_RMUX0<31>,CFG_RMUX0<33>,CFG_RMUX0<35>,CFG_RMUX0<39>,CFG_RMUX0<38>,CFG_RMUX0<58>,CFG_RMUX0<59>,CFG_RMUX0<55>,CFG_RMUX0<53>,CFG_RMUX0<51>,CFG_KMUX8<1>,CFG_KMUX8<3>,CFG_KMUX8<5>,CFG_KMUX8<9>,CFG_KMUX8<8>,CFG_KMUX9<8>,CFG_KMUX9<9>,CFG_KMUX9<5>,CFG_KMUX9<3>,CFG_KMUX9<1>,CFG_KMUX9<10>,
W10,CFG_RMUX1<17>,CFG_RMUX1<16>,CFG_RMUX1<14>,CFG_RMUX1<12>,CFG_RMUX1<10>,CFG_RMUX1<30>,CFG_RMUX1<32>,CFG_RMUX1<34>,CFG_RMUX1<36>,CFG_RMUX1<37>,CFG_RMUX1<57>,CFG_RMUX1<56>,CFG_RMUX1<54>,CFG_RMUX1<52>,CFG_RMUX1<50>,CFG_KMUX10<0>,CFG_KMUX10<2>,CFG_KMUX10<4>,CFG_KMUX10<6>,CFG_KMUX10<7>,CFG_KMUX11<7>,CFG_KMUX11<6>,CFG_KMUX11<4>,CFG_KMUX11<2>,CFG_KMUX11<0>,CFG_KMUX10<10>,
W11,CFG_RMUX1<18>,CFG_RMUX1<19>,CFG_RMUX1<15>,CFG_RMUX1<13>,CFG_RMUX1<11>,CFG_RMUX1<31>,CFG_RMUX1<33>,CFG_RMUX1<35>,CFG_RMUX1<39>,CFG_RMUX1<38>,CFG_RMUX1<58>,CFG_RMUX1<59>,CFG_RMUX1<55>,CFG_RMUX1<53>,CFG_RMUX1<51>,CFG_KMUX10<1>,CFG_KMUX10<3>,CFG_KMUX10<5>,CFG_KMUX10<9>,CFG_KMUX10<8>,CFG_KMUX11<8>,CFG_KMUX11<9>,CFG_KMUX11<5>,CFG_KMUX11<3>,CFG_KMUX11<1>,CFG_KMUX11<10>,
W12,CFG_RMUX2<47>,CFG_RMUX2<46>,CFG_RMUX2<44>,CFG_RMUX2<42>,CFG_RMUX2<40>,CFG_RMUX2<0>,CFG_RMUX2<2>,CFG_RMUX2<4>,CFG_RMUX2<6>,CFG_RMUX2<7>,CFG_RMUX2<27>,CFG_RMUX2<26>,CFG_RMUX2<24>,CFG_RMUX2<22>,CFG_RMUX2<20>,CFG_KMUX12<0>,CFG_KMUX12<2>,CFG_KMUX12<4>,CFG_KMUX12<6>,CFG_KMUX12<7>,CFG_KMUX13<7>,CFG_KMUX13<6>,CFG_KMUX13<4>,CFG_KMUX13<2>,CFG_KMUX13<0>,CFG_KMUX12<10>,
W13,CFG_RMUX2<48>,CFG_RMUX2<49>,CFG_RMUX2<45>,CFG_RMUX2<43>,CFG_RMUX2<41>,CFG_RMUX2<1>,CFG_RMUX2<3>,CFG_RMUX2<5>,CFG_RMUX2<9>,CFG_RMUX2<8>,CFG_RMUX2<28>,CFG_RMUX2<29>,CFG_RMUX2<25>,CFG_RMUX2<23>,CFG_RMUX2<21>,CFG_KMUX12<1>,CFG_KMUX12<3>,CFG_KMUX12<5>,CFG_KMUX12<9>,CFG_KMUX12<8>,CFG_KMUX13<8>,CFG_KMUX13<9>,CFG_KMUX13<5>,CFG_KMUX13<3>,CFG_KMUX13<1>,CFG_KMUX13<10>,
W14,CFG_RMUX3<47>,CFG_RMUX3<46>,CFG_RMUX3<44>,CFG_RMUX3<42>,CFG_RMUX3<40>,CFG_RMUX3<0>,CFG_RMUX3<2>,CFG_RMUX3<4>,CFG_RMUX3<6>,CFG_RMUX3<7>,CFG_RMUX3<27>,CFG_RMUX3<26>,CFG_RMUX3<24>,CFG_RMUX3<22>,CFG_RMUX3<20>,CFG_KMUX14<0>,CFG_KMUX14<2>,CFG_KMUX14<4>,CFG_KMUX14<6>,CFG_KMUX14<7>,CFG_KMUX15<7>,CFG_KMUX15<6>,CFG_KMUX15<4>,CFG_KMUX15<2>,CFG_KMUX15<0>,CFG_KMUX14<10>,
W15,CFG_RMUX3<48>,CFG_RMUX3<49>,CFG_RMUX3<45>,CFG_RMUX3<43>,CFG_RMUX3<41>,CFG_RMUX3<1>,CFG_RMUX3<3>,CFG_RMUX3<5>,CFG_RMUX3<9>,CFG_RMUX3<8>,CFG_RMUX3<28>,CFG_RMUX3<29>,CFG_RMUX3<25>,CFG_RMUX3<23>,CFG_RMUX3<21>,CFG_KMUX14<1>,CFG_KMUX14<3>,CFG_KMUX14<5>,CFG_KMUX14<9>,CFG_KMUX14<8>,CFG_KMUX15<8>,CFG_KMUX15<9>,CFG_KMUX15<5>,CFG_KMUX15<3>,CFG_KMUX15<1>,CFG_KMUX15<10>,
W16,CFG_RMUX4<7>,CFG_RMUX4<6>,CFG_RMUX4<4>,CFG_RMUX4<2>,CFG_RMUX4<0>,CFG_RMUX4<20>,CFG_RMUX4<22>,CFG_RMUX4<24>,CFG_RMUX4<26>,CFG_RMUX4<27>,CFG_RMUX4<47>,CFG_RMUX4<46>,CFG_RMUX4<44>,CFG_RMUX4<42>,CFG_RMUX4<40>,CFG_KMUX16<0>,CFG_KMUX16<2>,CFG_KMUX16<4>,CFG_KMUX16<6>,CFG_KMUX16<7>,CFG_KMUX17<7>,CFG_KMUX17<6>,CFG_KMUX17<4>,CFG_KMUX17<2>,CFG_KMUX17<0>,CFG_KMUX16<10>,
W17,CFG_RMUX4<8>,CFG_RMUX4<9>,CFG_RMUX4<5>,CFG_RMUX4<3>,CFG_RMUX4<1>,CFG_RMUX4<21>,CFG_RMUX4<23>,CFG_RMUX4<25>,CFG_RMUX4<29>,CFG_RMUX4<28>,CFG_RMUX4<48>,CFG_RMUX4<49>,CFG_RMUX4<45>,CFG_RMUX4<43>,CFG_RMUX4<41>,CFG_KMUX16<1>,CFG_KMUX16<3>,CFG_KMUX16<5>,CFG_KMUX16<9>,CFG_KMUX16<8>,CFG_KMUX17<8>,CFG_KMUX17<9>,CFG_KMUX17<5>,CFG_KMUX17<3>,CFG_KMUX17<1>,CFG_KMUX17<10>,
W18,CFG_RMUX5<7>,CFG_RMUX5<6>,CFG_RMUX5<4>,CFG_RMUX5<2>,CFG_RMUX5<0>,CFG_RMUX5<20>,CFG_RMUX5<22>,CFG_RMUX5<24>,CFG_RMUX5<26>,CFG_RMUX5<27>,CFG_RMUX5<47>,CFG_RMUX5<46>,CFG_RMUX5<44>,CFG_RMUX5<42>,CFG_RMUX5<40>,CFG_KMUX18<0>,CFG_KMUX18<2>,CFG_KMUX18<4>,CFG_KMUX18<6>,CFG_KMUX18<7>,CFG_KMUX19<7>,CFG_KMUX19<6>,CFG_KMUX19<4>,CFG_KMUX19<2>,CFG_KMUX19<0>,CFG_KMUX18<10>,
W19,CFG_RMUX5<8>,CFG_RMUX5<9>,CFG_RMUX5<5>,CFG_RMUX5<3>,CFG_RMUX5<1>,CFG_RMUX5<21>,CFG_RMUX5<23>,CFG_RMUX5<25>,CFG_RMUX5<29>,CFG_RMUX5<28>,CFG_RMUX5<48>,CFG_RMUX5<49>,CFG_RMUX5<45>,CFG_RMUX5<43>,CFG_RMUX5<41>,CFG_KMUX18<1>,CFG_KMUX18<3>,CFG_KMUX18<5>,CFG_KMUX18<9>,CFG_KMUX18<8>,CFG_KMUX19<8>,CFG_KMUX19<9>,CFG_KMUX19<5>,CFG_KMUX19<3>,CFG_KMUX19<1>,CFG_KMUX19<10>,
W20,CFG_RMUX6<57>,CFG_RMUX6<56>,CFG_RMUX6<54>,CFG_RMUX6<52>,CFG_RMUX6<50>,CFG_RMUX6<10>,CFG_RMUX6<12>,CFG_RMUX6<14>,CFG_RMUX6<16>,CFG_RMUX6<17>,CFG_RMUX6<37>,CFG_RMUX6<36>,CFG_RMUX6<34>,CFG_RMUX6<32>,CFG_RMUX6<30>,XXXX,XXXX,XXXX,XXXX,XXXX,XXXX,CFG_SEL_DA0_REG,CFG_SEL_DB0_REG,CFG_SEL_SIGNB_REG,CFG_SEL_SIGNA_REG,XXXX,
W21,CFG_RMUX6<58>,CFG_RMUX6<59>,CFG_RMUX6<55>,CFG_RMUX6<53>,CFG_RMUX6<51>,CFG_RMUX6<11>,CFG_RMUX6<13>,CFG_RMUX6<15>,CFG_RMUX6<19>,CFG_RMUX6<18>,CFG_RMUX6<38>,CFG_RMUX6<39>,CFG_RMUX6<35>,CFG_RMUX6<33>,CFG_RMUX6<31>,XXXX,XXXX,XXXX,XXXX,XXXX,XXXX,XXXX,XXXX,XXXX,XXXX,XXXX,
W22,CFG_RMUX7<57>,CFG_RMUX7<56>,CFG_RMUX7<54>,CFG_RMUX7<52>,CFG_RMUX7<50>,CFG_RMUX7<10>,CFG_RMUX7<12>,CFG_RMUX7<14>,CFG_RMUX7<16>,CFG_RMUX7<17>,CFG_RMUX7<37>,CFG_RMUX7<36>,CFG_RMUX7<34>,CFG_RMUX7<32>,CFG_RMUX7<30>,XXXX,XXXX,XXXX,XXXX,XXXX,XXXX,XXXX,XXXX,XXXX,XXXX,XXXX,
W23,CFG_RMUX7<58>,CFG_RMUX7<59>,CFG_RMUX7<55>,CFG_RMUX7<53>,CFG_RMUX7<51>,CFG_RMUX7<11>,CFG_RMUX7<13>,CFG_RMUX7<15>,CFG_RMUX7<19>,CFG_RMUX7<18>,CFG_RMUX7<38>,CFG_RMUX7<39>,CFG_RMUX7<35>,CFG_RMUX7<33>,CFG_RMUX7<31>,XXXX,XXXX,XXXX,XXXX,XXXX,XXXX,XXXX,XXXX,XXXX,XXXX,XXXX,
W24,CFG_RMUX4<17>,CFG_RMUX4<16>,CFG_RMUX4<14>,CFG_RMUX4<12>,CFG_RMUX4<10>,CFG_RMUX4<30>,CFG_RMUX4<32>,CFG_RMUX4<34>,CFG_RMUX4<36>,CFG_RMUX4<37>,CFG_RMUX4<57>,CFG_RMUX4<56>,CFG_RMUX4<54>,CFG_RMUX4<52>,CFG_RMUX4<50>,XXXX,XXXX,XXXX,XXXX,XXXX,XXXX,XXXX,XXXX,XXXX,XXXX,XXXX,
W25,CFG_RMUX4<18>,CFG_RMUX4<19>,CFG_RMUX4<15>,CFG_RMUX4<13>,CFG_RMUX4<11>,CFG_RMUX4<31>,CFG_RMUX4<33>,CFG_RMUX4<35>,CFG_RMUX4<39>,CFG_RMUX4<38>,CFG_RMUX4<58>,CFG_RMUX4<59>,CFG_RMUX4<55>,CFG_RMUX4<53>,CFG_RMUX4<51>,XXXX,XXXX,XXXX,XXXX,XXXX,XXXX,XXXX,XXXX,XXXX,XXXX,XXXX,
W26,CFG_RMUX5<17>,CFG_RMUX5<16>,CFG_RMUX5<14>,CFG_RMUX5<12>,CFG_RMUX5<10>,CFG_RMUX5<30>,CFG_RMUX5<32>,CFG_RMUX5<34>,CFG_RMUX5<36>,CFG_RMUX5<37>,CFG_RMUX5<57>,CFG_RMUX5<56>,CFG_RMUX5<54>,CFG_RMUX5<52>,CFG_RMUX5<50>,XXXX,XXXX,XXXX,XXXX,XXXX,XXXX,XXXX,XXXX,XXXX,XXXX,XXXX,
W27,CFG_RMUX5<18>,CFG_RMUX5<19>,CFG_RMUX5<15>,CFG_RMUX5<13>,CFG_RMUX5<11>,CFG_RMUX5<31>,CFG_RMUX5<33>,CFG_RMUX5<35>,CFG_RMUX5<39>,CFG_RMUX5<38>,CFG_RMUX5<58>,CFG_RMUX5<59>,CFG_RMUX5<55>,CFG_RMUX5<53>,CFG_RMUX5<51>,XXXX,XXXX,XXXX,XXXX,XXXX,XXXX,XXXX,XXXX,XXXX,XXXX,XXXX,
W28,CFG_RMUX6<47>,CFG_RMUX6<46>,CFG_RMUX6<44>,CFG_RMUX6<42>,CFG_RMUX6<40>,CFG_RMUX6<0>,CFG_RMUX6<2>,CFG_RMUX6<4>,CFG_RMUX6<6>,CFG_RMUX6<7>,CFG_RMUX6<27>,CFG_RMUX6<26>,CFG_RMUX6<24>,CFG_RMUX6<22>,CFG_RMUX6<20>,XXXX,XXXX,XXXX,XXXX,XXXX,XXXX,XXXX,XXXX,XXXX,XXXX,XXXX,
W29,CFG_RMUX6<48>,CFG_RMUX6<49>,CFG_RMUX6<45>,CFG_RMUX6<43>,CFG_RMUX6<41>,CFG_RMUX6<1>,CFG_RMUX6<3>,CFG_RMUX6<5>,CFG_RMUX6<9>,CFG_RMUX6<8>,CFG_RMUX6<28>,CFG_RMUX6<29>,CFG_RMUX6<25>,CFG_RMUX6<23>,CFG_RMUX6<21>,XXXX,XXXX,XXXX,XXXX,XXXX,XXXX,XXXX,XXXX,XXXX,XXXX,XXXX,
W30,CFG_RMUX7<47>,CFG_RMUX7<46>,CFG_RMUX7<44>,CFG_RMUX7<42>,CFG_RMUX7<40>,CFG_RMUX7<0>,CFG_RMUX7<2>,CFG_RMUX7<4>,CFG_RMUX7<6>,CFG_RMUX7<7>,CFG_RMUX7<27>,CFG_RMUX7<26>,CFG_RMUX7<24>,CFG_RMUX7<22>,CFG_RMUX7<20>,XXXX,XXXX,XXXX,XXXX,XXXX,XXXX,XXXX,XXXX,XXXX,XXXX,XXXX,
W31,CFG_RMUX7<48>,CFG_RMUX7<49>,CFG_RMUX7<45>,CFG_RMUX7<43>,CFG_RMUX7<41>,CFG_RMUX7<1>,CFG_RMUX7<3>,CFG_RMUX7<5>,CFG_RMUX7<9>,CFG_RMUX7<8>,CFG_RMUX7<28>,CFG_RMUX7<29>,CFG_RMUX7<25>,CFG_RMUX7<23>,CFG_RMUX7<21>,XXXX,XXXX,XXXX,CFG_SELOUTA,CFG_TILECLKENMUX<3>,CFG_TILECLKENMUX<1>,CFG_TILECLKMUX<3>,CFG_TILECLKMUX<2>,CFG_TILECLKMUX<1>,CFG_TILECLKMUX<0>,XXXX,
W32,XXXX,XXXX,CFG_SEAMMUX<0>,CFG_SEAMMUX<1>,CFG_SEAMMUX<2>,CFG_SEAMMUX<3>,CFG_SEAMMUX<4>,CFG_SEAMMUX<5>,CFG_SEAMMUX<12>,CFG_SEAMMUX<13>,CFG_SEAMMUX<14>,CFG_SEAMMUX<15>,CFG_SEAMMUX<16>,CFG_SEAMMUX<17>,XXXX,CFG_CTRLMUX<0>,CFG_CTRLMUX<2>,CFG_CTRLMUX<4>,CFG_CTRLMUX<9>,CFG_CTRLMUX<7>,CFG_CTRLMUX<17>,CFG_CTRLMUX<19>,CFG_CTRLMUX<14>,CFG_CTRLMUX<12>,CFG_CTRLMUX<10>,XXXX,
W33,XXXX,XXXX,XXXX,XXXX,XXXX,XXXX,XXXX,XXXX,XXXX,XXXX,XXXX,XXXX,XXXX,XXXX,XXXX,CFG_CTRLMUX<1>,CFG_CTRLMUX<3>,CFG_CTRLMUX<5>,CFG_CTRLMUX<6>,CFG_CTRLMUX<8>,CFG_CTRLMUX<18>,CFG_CTRLMUX<16>,CFG_CTRLMUX<15>,CFG_CTRLMUX<13>,CFG_CTRLMUX<11>,XXXX,
W34,XXXX,XXXX,XXXX,XXXX,XXXX,XXXX,XXXX,XXXX,XXXX,XXXX,XXXX,XXXX,XXXX,XXXX,XXXX,CFG_CTRLMUX<21>,CFG_CTRLMUX<23>,CFG_CTRLMUX<25>,CFG_CTRLMUX<26>,CFG_CTRLMUX<28>,CFG_CTRLMUX<38>,CFG_CTRLMUX<36>,CFG_CTRLMUX<35>,CFG_CTRLMUX<33>,CFG_CTRLMUX<31>,XXXX,
W35,XXXX,XXXX,CFG_SEAMMUX<6>,CFG_SEAMMUX<7>,CFG_SEAMMUX<8>,CFG_SEAMMUX<9>,CFG_SEAMMUX<10>,CFG_SEAMMUX<11>,CFG_SEAMMUX<18>,CFG_SEAMMUX<19>,CFG_SEAMMUX<20>,CFG_SEAMMUX<21>,CFG_SEAMMUX<22>,CFG_SEAMMUX<23>,XXXX,CFG_CTRLMUX<20>,CFG_CTRLMUX<22>,CFG_CTRLMUX<24>,CFG_CTRLMUX<29>,CFG_CTRLMUX<27>,CFG_CTRLMUX<37>,CFG_CTRLMUX<39>,CFG_CTRLMUX<34>,CFG_CTRLMUX<32>,CFG_CTRLMUX<30>,XXXX,
W36,CFG_RMUX8<7>,CFG_RMUX8<6>,CFG_RMUX8<4>,CFG_RMUX8<2>,CFG_RMUX8<0>,CFG_RMUX8<20>,CFG_RMUX8<22>,CFG_RMUX8<24>,CFG_RMUX8<26>,CFG_RMUX8<27>,CFG_RMUX8<47>,CFG_RMUX8<46>,CFG_RMUX8<44>,CFG_RMUX8<42>,CFG_RMUX8<40>,XXXX,XXXX,XXXX,CFG_TILECLKENMUX<4>,CFG_TILECLKENMUX<2>,CFG_TILECLKENMUX<0>,CFG_TILEASYNCMUX<3>,CFG_TILEASYNCMUX<2>,CFG_TILEASYNCMUX<1>,CFG_TILEASYNCMUX<0>,XXXX,
W37,CFG_RMUX8<8>,CFG_RMUX8<9>,CFG_RMUX8<5>,CFG_RMUX8<3>,CFG_RMUX8<1>,CFG_RMUX8<21>,CFG_RMUX8<23>,CFG_RMUX8<25>,CFG_RMUX8<29>,CFG_RMUX8<28>,CFG_RMUX8<48>,CFG_RMUX8<49>,CFG_RMUX8<45>,CFG_RMUX8<43>,CFG_RMUX8<41>,XXXX,XXXX,XXXX,XXXX,XXXX,XXXX,XXXX,XXXX,XXXX,XXXX,XXXX,
W38,CFG_RMUX9<7>,CFG_RMUX9<6>,CFG_RMUX9<4>,CFG_RMUX9<2>,CFG_RMUX9<0>,CFG_RMUX9<20>,CFG_RMUX9<22>,CFG_RMUX9<24>,CFG_RMUX9<26>,CFG_RMUX9<27>,CFG_RMUX9<47>,CFG_RMUX9<46>,CFG_RMUX9<44>,CFG_RMUX9<42>,CFG_RMUX9<40>,XXXX,XXXX,XXXX,XXXX,XXXX,XXXX,XXXX,XXXX,XXXX,XXXX,XXXX,
W39,CFG_RMUX9<8>,CFG_RMUX9<9>,CFG_RMUX9<5>,CFG_RMUX9<3>,CFG_RMUX9<1>,CFG_RMUX9<21>,CFG_RMUX9<23>,CFG_RMUX9<25>,CFG_RMUX9<29>,CFG_RMUX9<28>,CFG_RMUX9<48>,CFG_RMUX9<49>,CFG_RMUX9<45>,CFG_RMUX9<43>,CFG_RMUX9<41>,XXXX,XXXX,XXXX,XXXX,XXXX,XXXX,XXXX,XXXX,XXXX,XXXX,XXXX,
W40,CFG_RMUX10<57>,CFG_RMUX10<56>,CFG_RMUX10<54>,CFG_RMUX10<52>,CFG_RMUX10<50>,CFG_RMUX10<10>,CFG_RMUX10<12>,CFG_RMUX10<14>,CFG_RMUX10<16>,CFG_RMUX10<17>,CFG_RMUX10<37>,CFG_RMUX10<36>,CFG_RMUX10<34>,CFG_RMUX10<32>,CFG_RMUX10<30>,XXXX,XXXX,XXXX,XXXX,XXXX,XXXX,XXXX,XXXX,XXXX,XXXX,XXXX,
W41,CFG_RMUX10<58>,CFG_RMUX10<59>,CFG_RMUX10<55>,CFG_RMUX10<53>,CFG_RMUX10<51>,CFG_RMUX10<11>,CFG_RMUX10<13>,CFG_RMUX10<15>,CFG_RMUX10<19>,CFG_RMUX10<18>,CFG_RMUX10<38>,CFG_RMUX10<39>,CFG_RMUX10<35>,CFG_RMUX10<33>,CFG_RMUX10<31>,XXXX,XXXX,XXXX,XXXX,XXXX,XXXX,XXXX,XXXX,XXXX,XXXX,XXXX,
W42,CFG_RMUX11<57>,CFG_RMUX11<56>,CFG_RMUX11<54>,CFG_RMUX11<52>,CFG_RMUX11<50>,CFG_RMUX11<10>,CFG_RMUX11<12>,CFG_RMUX11<14>,CFG_RMUX11<16>,CFG_RMUX11<17>,CFG_RMUX11<37>,CFG_RMUX11<36>,CFG_RMUX11<34>,CFG_RMUX11<32>,CFG_RMUX11<30>,XXXX,XXXX,XXXX,XXXX,XXXX,XXXX,XXXX,XXXX,XXXX,XXXX,XXXX,
W43,CFG_RMUX11<58>,CFG_RMUX11<59>,CFG_RMUX11<55>,CFG_RMUX11<53>,CFG_RMUX11<51>,CFG_RMUX11<11>,CFG_RMUX11<13>,CFG_RMUX11<15>,CFG_RMUX11<19>,CFG_RMUX11<18>,CFG_RMUX11<38>,CFG_RMUX11<39>,CFG_RMUX11<35>,CFG_RMUX11<33>,CFG_RMUX11<31>,XXXX,XXXX,XXXX,XXXX,XXXX,XXXX,XXXX,XXXX,XXXX,XXXX,XXXX,
W44,CFG_RMUX8<17>,CFG_RMUX8<16>,CFG_RMUX8<14>,CFG_RMUX8<12>,CFG_RMUX8<10>,CFG_RMUX8<30>,CFG_RMUX8<32>,CFG_RMUX8<34>,CFG_RMUX8<36>,CFG_RMUX8<37>,CFG_RMUX8<57>,CFG_RMUX8<56>,CFG_RMUX8<54>,CFG_RMUX8<52>,CFG_RMUX8<50>,XXXX,XXXX,XXXX,XXXX,XXXX,XXXX,XXXX,XXXX,XXXX,XXXX,XXXX,
W45,CFG_RMUX8<18>,CFG_RMUX8<19>,CFG_RMUX8<15>,CFG_RMUX8<13>,CFG_RMUX8<11>,CFG_RMUX8<31>,CFG_RMUX8<33>,CFG_RMUX8<35>,CFG_RMUX8<39>,CFG_RMUX8<38>,CFG_RMUX8<58>,CFG_RMUX8<59>,CFG_RMUX8<55>,CFG_RMUX8<53>,CFG_RMUX8<51>,XXXX,XXXX,XXXX,XXXX,XXXX,XXXX,XXXX,XXXX,XXXX,XXXX,XXXX,
W46,CFG_RMUX9<17>,CFG_RMUX9<16>,CFG_RMUX9<14>,CFG_RMUX9<12>,CFG_RMUX9<10>,CFG_RMUX9<30>,CFG_RMUX9<32>,CFG_RMUX9<34>,CFG_RMUX9<36>,CFG_RMUX9<37>,CFG_RMUX9<57>,CFG_RMUX9<56>,CFG_RMUX9<54>,CFG_RMUX9<52>,CFG_RMUX9<50>,XXXX,XXXX,XXXX,XXXX,XXXX,XXXX,XXXX,XXXX,XXXX,XXXX,XXXX,
W47,CFG_RMUX9<18>,CFG_RMUX9<19>,CFG_RMUX9<15>,CFG_RMUX9<13>,CFG_RMUX9<11>,CFG_RMUX9<31>,CFG_RMUX9<33>,CFG_RMUX9<35>,CFG_RMUX9<39>,CFG_RMUX9<38>,CFG_RMUX9<58>,CFG_RMUX9<59>,CFG_RMUX9<55>,CFG_RMUX9<53>,CFG_RMUX9<51>,XXXX,XXXX,XXXX,XXXX,XXXX,XXXX,XXXX,XXXX,XXXX,XXXX,XXXX,
W48,CFG_RMUX10<47>,CFG_RMUX10<46>,CFG_RMUX10<44>,CFG_RMUX10<42>,CFG_RMUX10<40>,CFG_RMUX10<0>,CFG_RMUX10<2>,CFG_RMUX10<4>,CFG_RMUX10<6>,CFG_RMUX10<7>,CFG_RMUX10<27>,CFG_RMUX10<26>,CFG_RMUX10<24>,CFG_RMUX10<22>,CFG_RMUX10<20>,XXXX,XXXX,XXXX,XXXX,XXXX,XXXX,XXXX,XXXX,XXXX,XXXX,XXXX,
W49,CFG_RMUX10<48>,CFG_RMUX10<49>,CFG_RMUX10<45>,CFG_RMUX10<43>,CFG_RMUX10<41>,CFG_RMUX10<1>,CFG_RMUX10<3>,CFG_RMUX10<5>,CFG_RMUX10<9>,CFG_RMUX10<8>,CFG_RMUX10<28>,CFG_RMUX10<29>,CFG_RMUX10<25>,CFG_RMUX10<23>,CFG_RMUX10<21>,XXXX,XXXX,XXXX,XXXX,XXXX,XXXX,CFG_SEL_DB1_REG,CFG_SEL_DA1_REG,CFG_SELMODE,CFG_SELOUTB,XXXX,
W50,CFG_RMUX11<47>,CFG_RMUX11<46>,CFG_RMUX11<44>,CFG_RMUX11<42>,CFG_RMUX11<40>,CFG_RMUX11<0>,CFG_RMUX11<2>,CFG_RMUX11<4>,CFG_RMUX11<6>,CFG_RMUX11<7>,CFG_RMUX11<27>,CFG_RMUX11<26>,CFG_RMUX11<24>,CFG_RMUX11<22>,CFG_RMUX11<20>,CFG_KMUX20<0>,CFG_KMUX20<2>,CFG_KMUX20<4>,CFG_KMUX20<6>,CFG_KMUX20<7>,CFG_KMUX21<7>,CFG_KMUX21<6>,CFG_KMUX21<4>,CFG_KMUX21<2>,CFG_KMUX21<0>,CFG_KMUX20<10>,
W51,CFG_RMUX11<48>,CFG_RMUX11<49>,CFG_RMUX11<45>,CFG_RMUX11<43>,CFG_RMUX11<41>,CFG_RMUX11<1>,CFG_RMUX11<3>,CFG_RMUX11<5>,CFG_RMUX11<9>,CFG_RMUX11<8>,CFG_RMUX11<28>,CFG_RMUX11<29>,CFG_RMUX11<25>,CFG_RMUX11<23>,CFG_RMUX11<21>,CFG_KMUX20<1>,CFG_KMUX20<3>,CFG_KMUX20<5>,CFG_KMUX20<9>,CFG_KMUX20<8>,CFG_KMUX21<8>,CFG_KMUX21<9>,CFG_KMUX21<5>,CFG_KMUX21<3>,CFG_KMUX21<1>,CFG_KMUX21<10>,
W52,CFG_RMUX12<7>,CFG_RMUX12<6>,CFG_RMUX12<4>,CFG_RMUX12<2>,CFG_RMUX12<0>,CFG_RMUX12<20>,CFG_RMUX12<22>,CFG_RMUX12<24>,CFG_RMUX12<26>,CFG_RMUX12<27>,CFG_RMUX12<47>,CFG_RMUX12<46>,CFG_RMUX12<44>,CFG_RMUX12<42>,CFG_RMUX12<40>,CFG_KMUX22<0>,CFG_KMUX22<2>,CFG_KMUX22<4>,CFG_KMUX22<6>,CFG_KMUX22<7>,CFG_KMUX23<7>,CFG_KMUX23<6>,CFG_KMUX23<4>,CFG_KMUX23<2>,CFG_KMUX23<0>,CFG_KMUX22<10>,
W53,CFG_RMUX12<8>,CFG_RMUX12<9>,CFG_RMUX12<5>,CFG_RMUX12<3>,CFG_RMUX12<1>,CFG_RMUX12<21>,CFG_RMUX12<23>,CFG_RMUX12<25>,CFG_RMUX12<29>,CFG_RMUX12<28>,CFG_RMUX12<48>,CFG_RMUX12<49>,CFG_RMUX12<45>,CFG_RMUX12<43>,CFG_RMUX12<41>,CFG_KMUX22<1>,CFG_KMUX22<3>,CFG_KMUX22<5>,CFG_KMUX22<9>,CFG_KMUX22<8>,CFG_KMUX23<8>,CFG_KMUX23<9>,CFG_KMUX23<5>,CFG_KMUX23<3>,CFG_KMUX23<1>,CFG_KMUX23<10>,
W54,CFG_RMUX13<7>,CFG_RMUX13<6>,CFG_RMUX13<4>,CFG_RMUX13<2>,CFG_RMUX13<0>,CFG_RMUX13<20>,CFG_RMUX13<22>,CFG_RMUX13<24>,CFG_RMUX13<26>,CFG_RMUX13<27>,CFG_RMUX13<47>,CFG_RMUX13<46>,CFG_RMUX13<44>,CFG_RMUX13<42>,CFG_RMUX13<40>,CFG_KMUX24<0>,CFG_KMUX24<2>,CFG_KMUX24<4>,CFG_KMUX24<6>,CFG_KMUX24<7>,CFG_KMUX25<7>,CFG_KMUX25<6>,CFG_KMUX25<4>,CFG_KMUX25<2>,CFG_KMUX25<0>,CFG_KMUX24<10>,
W55,CFG_RMUX13<8>,CFG_RMUX13<9>,CFG_RMUX13<5>,CFG_RMUX13<3>,CFG_RMUX13<1>,CFG_RMUX13<21>,CFG_RMUX13<23>,CFG_RMUX13<25>,CFG_RMUX13<29>,CFG_RMUX13<28>,CFG_RMUX13<48>,CFG_RMUX13<49>,CFG_RMUX13<45>,CFG_RMUX13<43>,CFG_RMUX13<41>,CFG_KMUX24<1>,CFG_KMUX24<3>,CFG_KMUX24<5>,CFG_KMUX24<9>,CFG_KMUX24<8>,CFG_KMUX25<8>,CFG_KMUX25<9>,CFG_KMUX25<5>,CFG_KMUX25<3>,CFG_KMUX25<1>,CFG_KMUX25<10>,
W56,CFG_RMUX14<57>,CFG_RMUX14<56>,CFG_RMUX14<54>,CFG_RMUX14<52>,CFG_RMUX14<50>,CFG_RMUX14<10>,CFG_RMUX14<12>,CFG_RMUX14<14>,CFG_RMUX14<16>,CFG_RMUX14<17>,CFG_RMUX14<37>,CFG_RMUX14<36>,CFG_RMUX14<34>,CFG_RMUX14<32>,CFG_RMUX14<30>,CFG_KMUX26<0>,CFG_KMUX26<2>,CFG_KMUX26<4>,CFG_KMUX26<6>,CFG_KMUX26<7>,CFG_KMUX27<7>,CFG_KMUX27<6>,CFG_KMUX27<4>,CFG_KMUX27<2>,CFG_KMUX27<0>,CFG_KMUX26<10>,
W57,CFG_RMUX14<58>,CFG_RMUX14<59>,CFG_RMUX14<55>,CFG_RMUX14<53>,CFG_RMUX14<51>,CFG_RMUX14<11>,CFG_RMUX14<13>,CFG_RMUX14<15>,CFG_RMUX14<19>,CFG_RMUX14<18>,CFG_RMUX14<38>,CFG_RMUX14<39>,CFG_RMUX14<35>,CFG_RMUX14<33>,CFG_RMUX14<31>,CFG_KMUX26<1>,CFG_KMUX26<3>,CFG_KMUX26<5>,CFG_KMUX26<9>,CFG_KMUX26<8>,CFG_KMUX27<8>,CFG_KMUX27<9>,CFG_KMUX27<5>,CFG_KMUX27<3>,CFG_KMUX27<1>,CFG_KMUX27<10>,
W58,CFG_RMUX15<57>,CFG_RMUX15<56>,CFG_RMUX15<54>,CFG_RMUX15<52>,CFG_RMUX15<50>,CFG_RMUX15<10>,CFG_RMUX15<12>,CFG_RMUX15<14>,CFG_RMUX15<16>,CFG_RMUX15<17>,CFG_RMUX15<37>,CFG_RMUX15<36>,CFG_RMUX15<34>,CFG_RMUX15<32>,CFG_RMUX15<30>,CFG_KMUX28<0>,CFG_KMUX28<2>,CFG_KMUX28<4>,CFG_KMUX28<6>,CFG_KMUX28<7>,CFG_KMUX29<7>,CFG_KMUX29<6>,CFG_KMUX29<4>,CFG_KMUX29<2>,CFG_KMUX29<0>,CFG_KMUX28<10>,
W59,CFG_RMUX15<58>,CFG_RMUX15<59>,CFG_RMUX15<55>,CFG_RMUX15<53>,CFG_RMUX15<51>,CFG_RMUX15<11>,CFG_RMUX15<13>,CFG_RMUX15<15>,CFG_RMUX15<19>,CFG_RMUX15<18>,CFG_RMUX15<38>,CFG_RMUX15<39>,CFG_RMUX15<35>,CFG_RMUX15<33>,CFG_RMUX15<31>,CFG_KMUX28<1>,CFG_KMUX28<3>,CFG_KMUX28<5>,CFG_KMUX28<9>,CFG_KMUX28<8>,CFG_KMUX29<8>,CFG_KMUX29<9>,CFG_KMUX29<5>,CFG_KMUX29<3>,CFG_KMUX29<1>,CFG_KMUX29<10>,
W60,CFG_RMUX12<17>,CFG_RMUX12<16>,CFG_RMUX12<14>,CFG_RMUX12<12>,CFG_RMUX12<10>,CFG_RMUX12<30>,CFG_RMUX12<32>,CFG_RMUX12<34>,CFG_RMUX12<36>,CFG_RMUX12<37>,CFG_RMUX12<57>,CFG_RMUX12<56>,CFG_RMUX12<54>,CFG_RMUX12<52>,CFG_RMUX12<50>,CFG_KMUX30<0>,CFG_KMUX30<2>,CFG_KMUX30<4>,CFG_KMUX30<6>,CFG_KMUX30<7>,CFG_KMUX31<7>,CFG_KMUX31<6>,CFG_KMUX31<4>,CFG_KMUX31<2>,CFG_KMUX31<0>,CFG_KMUX30<10>,
W61,CFG_RMUX12<18>,CFG_RMUX12<19>,CFG_RMUX12<15>,CFG_RMUX12<13>,CFG_RMUX12<11>,CFG_RMUX12<31>,CFG_RMUX12<33>,CFG_RMUX12<35>,CFG_RMUX12<39>,CFG_RMUX12<38>,CFG_RMUX12<58>,CFG_RMUX12<59>,CFG_RMUX12<55>,CFG_RMUX12<53>,CFG_RMUX12<51>,CFG_KMUX30<1>,CFG_KMUX30<3>,CFG_KMUX30<5>,CFG_KMUX30<9>,CFG_KMUX30<8>,CFG_KMUX31<8>,CFG_KMUX31<9>,CFG_KMUX31<5>,CFG_KMUX31<3>,CFG_KMUX31<1>,CFG_KMUX31<10>,
W62,CFG_RMUX13<17>,CFG_RMUX13<16>,CFG_RMUX13<14>,CFG_RMUX13<12>,CFG_RMUX13<10>,CFG_RMUX13<30>,CFG_RMUX13<32>,CFG_RMUX13<34>,CFG_RMUX13<36>,CFG_RMUX13<37>,CFG_RMUX13<57>,CFG_RMUX13<56>,CFG_RMUX13<54>,CFG_RMUX13<52>,CFG_RMUX13<50>,CFG_KMUX32<0>,CFG_KMUX32<2>,CFG_KMUX32<4>,CFG_KMUX32<6>,CFG_KMUX32<7>,CFG_KMUX33<7>,CFG_KMUX33<6>,CFG_KMUX33<4>,CFG_KMUX33<2>,CFG_KMUX33<0>,CFG_KMUX32<10>,
W63,CFG_RMUX13<18>,CFG_RMUX13<19>,CFG_RMUX13<15>,CFG_RMUX13<13>,CFG_RMUX13<11>,CFG_RMUX13<31>,CFG_RMUX13<33>,CFG_RMUX13<35>,CFG_RMUX13<39>,CFG_RMUX13<38>,CFG_RMUX13<58>,CFG_RMUX13<59>,CFG_RMUX13<55>,CFG_RMUX13<53>,CFG_RMUX13<51>,CFG_KMUX32<1>,CFG_KMUX32<3>,CFG_KMUX32<5>,CFG_KMUX32<9>,CFG_KMUX32<8>,CFG_KMUX33<8>,CFG_KMUX33<9>,CFG_KMUX33<5>,CFG_KMUX33<3>,CFG_KMUX33<1>,CFG_KMUX33<10>,
W64,CFG_RMUX14<47>,CFG_RMUX14<46>,CFG_RMUX14<44>,CFG_RMUX14<42>,CFG_RMUX14<40>,CFG_RMUX14<0>,CFG_RMUX14<2>,CFG_RMUX14<4>,CFG_RMUX14<6>,CFG_RMUX14<7>,CFG_RMUX14<27>,CFG_RMUX14<26>,CFG_RMUX14<24>,CFG_RMUX14<22>,CFG_RMUX14<20>,CFG_KMUX34<0>,CFG_KMUX34<2>,CFG_KMUX34<4>,CFG_KMUX34<6>,CFG_KMUX34<7>,CFG_KMUX35<7>,CFG_KMUX35<6>,CFG_KMUX35<4>,CFG_KMUX35<2>,CFG_KMUX35<0>,CFG_KMUX34<10>,
W65,CFG_RMUX14<48>,CFG_RMUX14<49>,CFG_RMUX14<45>,CFG_RMUX14<43>,CFG_RMUX14<41>,CFG_RMUX14<1>,CFG_RMUX14<3>,CFG_RMUX14<5>,CFG_RMUX14<9>,CFG_RMUX14<8>,CFG_RMUX14<28>,CFG_RMUX14<29>,CFG_RMUX14<25>,CFG_RMUX14<23>,CFG_RMUX14<21>,CFG_KMUX34<1>,CFG_KMUX34<3>,CFG_KMUX34<5>,CFG_KMUX34<9>,CFG_KMUX34<8>,CFG_KMUX35<8>,CFG_KMUX35<9>,CFG_KMUX35<5>,CFG_KMUX35<3>,CFG_KMUX35<1>,CFG_KMUX35<10>,
W66,CFG_RMUX15<47>,CFG_RMUX15<46>,CFG_RMUX15<44>,CFG_RMUX15<42>,CFG_RMUX15<40>,CFG_RMUX15<0>,CFG_RMUX15<2>,CFG_RMUX15<4>,CFG_RMUX15<6>,CFG_RMUX15<7>,CFG_RMUX15<27>,CFG_RMUX15<26>,CFG_RMUX15<24>,CFG_RMUX15<22>,CFG_RMUX15<20>,CFG_KMUX36<0>,CFG_KMUX36<2>,CFG_KMUX36<4>,CFG_KMUX36<6>,CFG_KMUX36<7>,CFG_KMUX37<7>,CFG_KMUX37<6>,CFG_KMUX37<4>,CFG_KMUX37<2>,CFG_KMUX37<0>,CFG_KMUX36<10>,
W67,CFG_RMUX15<48>,CFG_RMUX15<49>,CFG_RMUX15<45>,CFG_RMUX15<43>,CFG_RMUX15<41>,CFG_RMUX15<1>,CFG_RMUX15<3>,CFG_RMUX15<5>,CFG_RMUX15<9>,CFG_RMUX15<8>,CFG_RMUX15<28>,CFG_RMUX15<29>,CFG_RMUX15<25>,CFG_RMUX15<23>,CFG_RMUX15<21>,CFG_KMUX36<1>,CFG_KMUX36<3>,CFG_KMUX36<5>,CFG_KMUX36<9>,CFG_KMUX36<8>,CFG_KMUX37<8>,CFG_KMUX37<9>,CFG_KMUX37<5>,CFG_KMUX37<3>,CFG_KMUX37<1>,CFG_KMUX37<10>,

