netlist,B0,B1,B2,B3,B4,B5,B6,B7,B8,B9,B10,B11,B12,B13,B14,B15,B16,B17,B18,B19,B20,B21,B22,B23,B24,B25,B26,B27,B28,B29,B30,B31,B32,B33,
W0,CFG_RMUX0<7>,CFG_RMUX0<6>,CFG_RMUX0<4>,CFG_RMUX0<2>,CFG_RMUX0<0>,CFG_RMUX0<20>,CFG_RMUX0<22>,CFG_RMUX0<24>,CFG_RMUX0<26>,CFG_RMUX0<27>,CFG_RMUX0<47>,CFG_RMUX0<46>,CFG_RMUX0<44>,CFG_RMUX0<42>,CFG_RMUX0<40>,CFG_IMUX0<0>,CFG_IMUX0<2>,CFG_IMUX0<4>,CFG_IMUX0<6>,CFG_IMUX0<8>,CFG_IMUX0<9>,CFG_IMUX0<21>,CFG_IMUX0<20>,CFG_IMUX0<18>,CFG_IMUX0<16>,CFG_IMUX0<14>,CFG_IMUX0<12>,CFG_LUT<1>,CFG_LUT<3>,CFG_LUT<2>,CFG_LUT<0>,CFG_LUTCMUX<1>,CFG_ASYNCMUX<0>,CFG_OMUX0<0>,
W1,CFG_RMUX0<8>,CFG_RMUX0<9>,CFG_RMUX0<5>,CFG_RMUX0<3>,CFG_RMUX0<1>,CFG_RMUX0<21>,CFG_RMUX0<23>,CFG_RMUX0<25>,CFG_RMUX0<29>,CFG_RMUX0<28>,CFG_RMUX0<48>,CFG_RMUX0<49>,CFG_RMUX0<45>,CFG_RMUX0<43>,CFG_RMUX0<41>,CFG_IMUX0<1>,CFG_IMUX0<3>,CFG_IMUX0<5>,CFG_IMUX0<7>,CFG_IMUX0<11>,CFG_IMUX0<10>,CFG_IMUX0<22>,CFG_IMUX0<23>,CFG_IMUX0<19>,CFG_IMUX0<17>,CFG_IMUX0<15>,CFG_IMUX0<13>,CFG_LUT<7>,CFG_LUT<5>,CFG_LUT<4>,CFG_LUT<6>,XXXX,CFG_CLKMUX<0>,XXXX,
W2,CFG_RMUX1<7>,CFG_RMUX1<6>,CFG_RMUX1<4>,CFG_RMUX1<2>,CFG_RMUX1<0>,CFG_RMUX1<20>,CFG_RMUX1<22>,CFG_RMUX1<24>,CFG_RMUX1<26>,CFG_RMUX1<27>,CFG_RMUX1<47>,CFG_RMUX1<46>,CFG_RMUX1<44>,CFG_RMUX1<42>,CFG_RMUX1<40>,CFG_IMUX0<24>,CFG_IMUX0<26>,CFG_IMUX0<28>,CFG_IMUX0<30>,CFG_IMUX0<32>,CFG_IMUX0<33>,CFG_IMUX0<45>,CFG_IMUX0<44>,CFG_IMUX0<42>,CFG_IMUX0<40>,CFG_IMUX0<38>,CFG_IMUX0<36>,CFG_LUT<9>,CFG_LUT<11>,CFG_LUT<10>,CFG_LUT<8>,CFG_CARRY_CRL<0>,CFG_SHIFTMUX<0>,CFG_OMUX0<1>,
W3,CFG_RMUX1<8>,CFG_RMUX1<9>,CFG_RMUX1<5>,CFG_RMUX1<3>,CFG_RMUX1<1>,CFG_RMUX1<21>,CFG_RMUX1<23>,CFG_RMUX1<25>,CFG_RMUX1<29>,CFG_RMUX1<28>,CFG_RMUX1<48>,CFG_RMUX1<49>,CFG_RMUX1<45>,CFG_RMUX1<43>,CFG_RMUX1<41>,CFG_IMUX0<25>,CFG_IMUX0<27>,CFG_IMUX0<29>,CFG_IMUX0<31>,CFG_IMUX0<35>,CFG_IMUX0<34>,CFG_IMUX0<46>,CFG_IMUX0<47>,CFG_IMUX0<43>,CFG_IMUX0<41>,CFG_IMUX0<39>,CFG_IMUX0<37>,CFG_LUT<15>,CFG_LUT<13>,CFG_LUT<12>,CFG_LUT<14>,CFG_LUTCMUX<0>,CFG_BYPASSEN<0>,CFG_OMUX0<2>,
W4,CFG_RMUX2<57>,CFG_RMUX2<56>,CFG_RMUX2<54>,CFG_RMUX2<52>,CFG_RMUX2<50>,CFG_RMUX2<10>,CFG_RMUX2<12>,CFG_RMUX2<14>,CFG_RMUX2<16>,CFG_RMUX2<17>,CFG_RMUX2<37>,CFG_RMUX2<36>,CFG_RMUX2<34>,CFG_RMUX2<32>,CFG_RMUX2<30>,CFG_IMUX1<0>,CFG_IMUX1<2>,CFG_IMUX1<4>,CFG_IMUX1<6>,CFG_IMUX1<8>,CFG_IMUX1<9>,CFG_IMUX1<21>,CFG_IMUX1<20>,CFG_IMUX1<18>,CFG_IMUX1<16>,CFG_IMUX1<14>,CFG_IMUX1<12>,CFG_LUT<17>,CFG_LUT<19>,CFG_LUT<18>,CFG_LUT<16>,CFG_LUTCMUX<3>,CFG_ASYNCMUX<1>,CFG_OMUX1<0>,
W5,CFG_RMUX2<58>,CFG_RMUX2<59>,CFG_RMUX2<55>,CFG_RMUX2<53>,CFG_RMUX2<51>,CFG_RMUX2<11>,CFG_RMUX2<13>,CFG_RMUX2<15>,CFG_RMUX2<19>,CFG_RMUX2<18>,CFG_RMUX2<38>,CFG_RMUX2<39>,CFG_RMUX2<35>,CFG_RMUX2<33>,CFG_RMUX2<31>,CFG_IMUX1<1>,CFG_IMUX1<3>,CFG_IMUX1<5>,CFG_IMUX1<7>,CFG_IMUX1<11>,CFG_IMUX1<10>,CFG_IMUX1<22>,CFG_IMUX1<23>,CFG_IMUX1<19>,CFG_IMUX1<17>,CFG_IMUX1<15>,CFG_IMUX1<13>,CFG_LUT<23>,CFG_LUT<21>,CFG_LUT<20>,CFG_LUT<22>,XXXX,CFG_CLKMUX<1>,XXXX,
W6,CFG_RMUX3<57>,CFG_RMUX3<56>,CFG_RMUX3<54>,CFG_RMUX3<52>,CFG_RMUX3<50>,CFG_RMUX3<10>,CFG_RMUX3<12>,CFG_RMUX3<14>,CFG_RMUX3<16>,CFG_RMUX3<17>,CFG_RMUX3<37>,CFG_RMUX3<36>,CFG_RMUX3<34>,CFG_RMUX3<32>,CFG_RMUX3<30>,CFG_IMUX1<24>,CFG_IMUX1<26>,CFG_IMUX1<28>,CFG_IMUX1<30>,CFG_IMUX1<32>,CFG_IMUX1<33>,CFG_IMUX1<45>,CFG_IMUX1<44>,CFG_IMUX1<42>,CFG_IMUX1<40>,CFG_IMUX1<38>,CFG_IMUX1<36>,CFG_LUT<25>,CFG_LUT<27>,CFG_LUT<26>,CFG_LUT<24>,CFG_CARRY_CRL<1>,CFG_SHIFTMUX<1>,CFG_OMUX1<1>,
W7,CFG_RMUX3<58>,CFG_RMUX3<59>,CFG_RMUX3<55>,CFG_RMUX3<53>,CFG_RMUX3<51>,CFG_RMUX3<11>,CFG_RMUX3<13>,CFG_RMUX3<15>,CFG_RMUX3<19>,CFG_RMUX3<18>,CFG_RMUX3<38>,CFG_RMUX3<39>,CFG_RMUX3<35>,CFG_RMUX3<33>,CFG_RMUX3<31>,CFG_IMUX1<25>,CFG_IMUX1<27>,CFG_IMUX1<29>,CFG_IMUX1<31>,CFG_IMUX1<35>,CFG_IMUX1<34>,CFG_IMUX1<46>,CFG_IMUX1<47>,CFG_IMUX1<43>,CFG_IMUX1<41>,CFG_IMUX1<39>,CFG_IMUX1<37>,CFG_LUT<31>,CFG_LUT<29>,CFG_LUT<28>,CFG_LUT<30>,CFG_LUTCMUX<2>,CFG_BYPASSEN<1>,CFG_OMUX1<2>,
W8,CFG_RMUX0<17>,CFG_RMUX0<16>,CFG_RMUX0<14>,CFG_RMUX0<12>,CFG_RMUX0<10>,CFG_RMUX0<30>,CFG_RMUX0<32>,CFG_RMUX0<34>,CFG_RMUX0<36>,CFG_RMUX0<37>,CFG_RMUX0<57>,CFG_RMUX0<56>,CFG_RMUX0<54>,CFG_RMUX0<52>,CFG_RMUX0<50>,CFG_IMUX2<0>,CFG_IMUX2<2>,CFG_IMUX2<4>,CFG_IMUX2<6>,CFG_IMUX2<8>,CFG_IMUX2<9>,CFG_IMUX2<21>,CFG_IMUX2<20>,CFG_IMUX2<18>,CFG_IMUX2<16>,CFG_IMUX2<14>,CFG_IMUX2<12>,CFG_LUT<33>,CFG_LUT<35>,CFG_LUT<34>,CFG_LUT<32>,CFG_LUTCMUX<5>,CFG_ASYNCMUX<2>,CFG_OMUX2<0>,
W9,CFG_RMUX0<18>,CFG_RMUX0<19>,CFG_RMUX0<15>,CFG_RMUX0<13>,CFG_RMUX0<11>,CFG_RMUX0<31>,CFG_RMUX0<33>,CFG_RMUX0<35>,CFG_RMUX0<39>,CFG_RMUX0<38>,CFG_RMUX0<58>,CFG_RMUX0<59>,CFG_RMUX0<55>,CFG_RMUX0<53>,CFG_RMUX0<51>,CFG_IMUX2<1>,CFG_IMUX2<3>,CFG_IMUX2<5>,CFG_IMUX2<7>,CFG_IMUX2<11>,CFG_IMUX2<10>,CFG_IMUX2<22>,CFG_IMUX2<23>,CFG_IMUX2<19>,CFG_IMUX2<17>,CFG_IMUX2<15>,CFG_IMUX2<13>,CFG_LUT<39>,CFG_LUT<37>,CFG_LUT<36>,CFG_LUT<38>,XXXX,CFG_CLKMUX<2>,XXXX,
W10,CFG_RMUX1<17>,CFG_RMUX1<16>,CFG_RMUX1<14>,CFG_RMUX1<12>,CFG_RMUX1<10>,CFG_RMUX1<30>,CFG_RMUX1<32>,CFG_RMUX1<34>,CFG_RMUX1<36>,CFG_RMUX1<37>,CFG_RMUX1<57>,CFG_RMUX1<56>,CFG_RMUX1<54>,CFG_RMUX1<52>,CFG_RMUX1<50>,CFG_IMUX2<24>,CFG_IMUX2<26>,CFG_IMUX2<28>,CFG_IMUX2<30>,CFG_IMUX2<32>,CFG_IMUX2<33>,CFG_IMUX2<45>,CFG_IMUX2<44>,CFG_IMUX2<42>,CFG_IMUX2<40>,CFG_IMUX2<38>,CFG_IMUX2<36>,CFG_LUT<41>,CFG_LUT<43>,CFG_LUT<42>,CFG_LUT<40>,CFG_CARRY_CRL<2>,CFG_SHIFTMUX<2>,CFG_OMUX2<1>,
W11,CFG_RMUX1<18>,CFG_RMUX1<19>,CFG_RMUX1<15>,CFG_RMUX1<13>,CFG_RMUX1<11>,CFG_RMUX1<31>,CFG_RMUX1<33>,CFG_RMUX1<35>,CFG_RMUX1<39>,CFG_RMUX1<38>,CFG_RMUX1<58>,CFG_RMUX1<59>,CFG_RMUX1<55>,CFG_RMUX1<53>,CFG_RMUX1<51>,CFG_IMUX2<25>,CFG_IMUX2<27>,CFG_IMUX2<29>,CFG_IMUX2<31>,CFG_IMUX2<35>,CFG_IMUX2<34>,CFG_IMUX2<46>,CFG_IMUX2<47>,CFG_IMUX2<43>,CFG_IMUX2<41>,CFG_IMUX2<39>,CFG_IMUX2<37>,CFG_LUT<47>,CFG_LUT<45>,CFG_LUT<44>,CFG_LUT<46>,CFG_LUTCMUX<4>,CFG_BYPASSEN<2>,CFG_OMUX2<2>,
W12,CFG_RMUX2<47>,CFG_RMUX2<46>,CFG_RMUX2<44>,CFG_RMUX2<42>,CFG_RMUX2<40>,CFG_RMUX2<0>,CFG_RMUX2<2>,CFG_RMUX2<4>,CFG_RMUX2<6>,CFG_RMUX2<7>,CFG_RMUX2<27>,CFG_RMUX2<26>,CFG_RMUX2<24>,CFG_RMUX2<22>,CFG_RMUX2<20>,CFG_IMUX3<0>,CFG_IMUX3<2>,CFG_IMUX3<4>,CFG_IMUX3<6>,CFG_IMUX3<8>,CFG_IMUX3<9>,CFG_IMUX3<21>,CFG_IMUX3<20>,CFG_IMUX3<18>,CFG_IMUX3<16>,CFG_IMUX3<14>,CFG_IMUX3<12>,CFG_LUT<49>,CFG_LUT<51>,CFG_LUT<50>,CFG_LUT<48>,CFG_LUTCMUX<7>,CFG_ASYNCMUX<3>,CFG_OMUX3<0>,
W13,CFG_RMUX2<48>,CFG_RMUX2<49>,CFG_RMUX2<45>,CFG_RMUX2<43>,CFG_RMUX2<41>,CFG_RMUX2<1>,CFG_RMUX2<3>,CFG_RMUX2<5>,CFG_RMUX2<9>,CFG_RMUX2<8>,CFG_RMUX2<28>,CFG_RMUX2<29>,CFG_RMUX2<25>,CFG_RMUX2<23>,CFG_RMUX2<21>,CFG_IMUX3<1>,CFG_IMUX3<3>,CFG_IMUX3<5>,CFG_IMUX3<7>,CFG_IMUX3<11>,CFG_IMUX3<10>,CFG_IMUX3<22>,CFG_IMUX3<23>,CFG_IMUX3<19>,CFG_IMUX3<17>,CFG_IMUX3<15>,CFG_IMUX3<13>,CFG_LUT<55>,CFG_LUT<53>,CFG_LUT<52>,CFG_LUT<54>,XXXX,CFG_CLKMUX<3>,XXXX,
W14,CFG_RMUX3<47>,CFG_RMUX3<46>,CFG_RMUX3<44>,CFG_RMUX3<42>,CFG_RMUX3<40>,CFG_RMUX3<0>,CFG_RMUX3<2>,CFG_RMUX3<4>,CFG_RMUX3<6>,CFG_RMUX3<7>,CFG_RMUX3<27>,CFG_RMUX3<26>,CFG_RMUX3<24>,CFG_RMUX3<22>,CFG_RMUX3<20>,CFG_IMUX3<24>,CFG_IMUX3<26>,CFG_IMUX3<28>,CFG_IMUX3<30>,CFG_IMUX3<32>,CFG_IMUX3<33>,CFG_IMUX3<45>,CFG_IMUX3<44>,CFG_IMUX3<42>,CFG_IMUX3<40>,CFG_IMUX3<38>,CFG_IMUX3<36>,CFG_LUT<57>,CFG_LUT<59>,CFG_LUT<58>,CFG_LUT<56>,CFG_CARRY_CRL<3>,CFG_SHIFTMUX<3>,CFG_OMUX3<1>,
W15,CFG_RMUX3<48>,CFG_RMUX3<49>,CFG_RMUX3<45>,CFG_RMUX3<43>,CFG_RMUX3<41>,CFG_RMUX3<1>,CFG_RMUX3<3>,CFG_RMUX3<5>,CFG_RMUX3<9>,CFG_RMUX3<8>,CFG_RMUX3<28>,CFG_RMUX3<29>,CFG_RMUX3<25>,CFG_RMUX3<23>,CFG_RMUX3<21>,CFG_IMUX3<25>,CFG_IMUX3<27>,CFG_IMUX3<29>,CFG_IMUX3<31>,CFG_IMUX3<35>,CFG_IMUX3<34>,CFG_IMUX3<46>,CFG_IMUX3<47>,CFG_IMUX3<43>,CFG_IMUX3<41>,CFG_IMUX3<39>,CFG_IMUX3<37>,CFG_LUT<63>,CFG_LUT<61>,CFG_LUT<60>,CFG_LUT<62>,CFG_LUTCMUX<6>,CFG_BYPASSEN<3>,CFG_OMUX3<2>,
W16,CFG_RMUX4<7>,CFG_RMUX4<6>,CFG_RMUX4<4>,CFG_RMUX4<2>,CFG_RMUX4<0>,CFG_RMUX4<20>,CFG_RMUX4<22>,CFG_RMUX4<24>,CFG_RMUX4<26>,CFG_RMUX4<27>,CFG_RMUX4<47>,CFG_RMUX4<46>,CFG_RMUX4<44>,CFG_RMUX4<42>,CFG_RMUX4<40>,CFG_IMUX4<0>,CFG_IMUX4<2>,CFG_IMUX4<4>,CFG_IMUX4<6>,CFG_IMUX4<8>,CFG_IMUX4<9>,CFG_IMUX4<21>,CFG_IMUX4<20>,CFG_IMUX4<18>,CFG_IMUX4<16>,CFG_IMUX4<14>,CFG_IMUX4<12>,CFG_LUT<65>,CFG_LUT<67>,CFG_LUT<66>,CFG_LUT<64>,CFG_LUTCMUX<9>,CFG_ASYNCMUX<4>,CFG_OMUX4<0>,
W17,CFG_RMUX4<8>,CFG_RMUX4<9>,CFG_RMUX4<5>,CFG_RMUX4<3>,CFG_RMUX4<1>,CFG_RMUX4<21>,CFG_RMUX4<23>,CFG_RMUX4<25>,CFG_RMUX4<29>,CFG_RMUX4<28>,CFG_RMUX4<48>,CFG_RMUX4<49>,CFG_RMUX4<45>,CFG_RMUX4<43>,CFG_RMUX4<41>,CFG_IMUX4<1>,CFG_IMUX4<3>,CFG_IMUX4<5>,CFG_IMUX4<7>,CFG_IMUX4<11>,CFG_IMUX4<10>,CFG_IMUX4<22>,CFG_IMUX4<23>,CFG_IMUX4<19>,CFG_IMUX4<17>,CFG_IMUX4<15>,CFG_IMUX4<13>,CFG_LUT<71>,CFG_LUT<69>,CFG_LUT<68>,CFG_LUT<70>,XXXX,CFG_CLKMUX<4>,XXXX,
W18,CFG_RMUX5<7>,CFG_RMUX5<6>,CFG_RMUX5<4>,CFG_RMUX5<2>,CFG_RMUX5<0>,CFG_RMUX5<20>,CFG_RMUX5<22>,CFG_RMUX5<24>,CFG_RMUX5<26>,CFG_RMUX5<27>,CFG_RMUX5<47>,CFG_RMUX5<46>,CFG_RMUX5<44>,CFG_RMUX5<42>,CFG_RMUX5<40>,CFG_IMUX4<24>,CFG_IMUX4<26>,CFG_IMUX4<28>,CFG_IMUX4<30>,CFG_IMUX4<32>,CFG_IMUX4<33>,CFG_IMUX4<45>,CFG_IMUX4<44>,CFG_IMUX4<42>,CFG_IMUX4<40>,CFG_IMUX4<38>,CFG_IMUX4<36>,CFG_LUT<73>,CFG_LUT<75>,CFG_LUT<74>,CFG_LUT<72>,CFG_CARRY_CRL<4>,CFG_SHIFTMUX<4>,CFG_OMUX4<1>,
W19,CFG_RMUX5<8>,CFG_RMUX5<9>,CFG_RMUX5<5>,CFG_RMUX5<3>,CFG_RMUX5<1>,CFG_RMUX5<21>,CFG_RMUX5<23>,CFG_RMUX5<25>,CFG_RMUX5<29>,CFG_RMUX5<28>,CFG_RMUX5<48>,CFG_RMUX5<49>,CFG_RMUX5<45>,CFG_RMUX5<43>,CFG_RMUX5<41>,CFG_IMUX4<25>,CFG_IMUX4<27>,CFG_IMUX4<29>,CFG_IMUX4<31>,CFG_IMUX4<35>,CFG_IMUX4<34>,CFG_IMUX4<46>,CFG_IMUX4<47>,CFG_IMUX4<43>,CFG_IMUX4<41>,CFG_IMUX4<39>,CFG_IMUX4<37>,CFG_LUT<79>,CFG_LUT<77>,CFG_LUT<76>,CFG_LUT<78>,CFG_LUTCMUX<8>,CFG_BYPASSEN<4>,CFG_OMUX4<2>,
W20,CFG_RMUX6<57>,CFG_RMUX6<56>,CFG_RMUX6<54>,CFG_RMUX6<52>,CFG_RMUX6<50>,CFG_RMUX6<10>,CFG_RMUX6<12>,CFG_RMUX6<14>,CFG_RMUX6<16>,CFG_RMUX6<17>,CFG_RMUX6<37>,CFG_RMUX6<36>,CFG_RMUX6<34>,CFG_RMUX6<32>,CFG_RMUX6<30>,CFG_IMUX5<0>,CFG_IMUX5<2>,CFG_IMUX5<4>,CFG_IMUX5<6>,CFG_IMUX5<8>,CFG_IMUX5<9>,CFG_IMUX5<21>,CFG_IMUX5<20>,CFG_IMUX5<18>,CFG_IMUX5<16>,CFG_IMUX5<14>,CFG_IMUX5<12>,CFG_LUT<81>,CFG_LUT<83>,CFG_LUT<82>,CFG_LUT<80>,CFG_LUTCMUX<11>,CFG_ASYNCMUX<5>,CFG_OMUX5<0>,
W21,CFG_RMUX6<58>,CFG_RMUX6<59>,CFG_RMUX6<55>,CFG_RMUX6<53>,CFG_RMUX6<51>,CFG_RMUX6<11>,CFG_RMUX6<13>,CFG_RMUX6<15>,CFG_RMUX6<19>,CFG_RMUX6<18>,CFG_RMUX6<38>,CFG_RMUX6<39>,CFG_RMUX6<35>,CFG_RMUX6<33>,CFG_RMUX6<31>,CFG_IMUX5<1>,CFG_IMUX5<3>,CFG_IMUX5<5>,CFG_IMUX5<7>,CFG_IMUX5<11>,CFG_IMUX5<10>,CFG_IMUX5<22>,CFG_IMUX5<23>,CFG_IMUX5<19>,CFG_IMUX5<17>,CFG_IMUX5<15>,CFG_IMUX5<13>,CFG_LUT<87>,CFG_LUT<85>,CFG_LUT<84>,CFG_LUT<86>,XXXX,CFG_CLKMUX<5>,XXXX,
W22,CFG_RMUX7<57>,CFG_RMUX7<56>,CFG_RMUX7<54>,CFG_RMUX7<52>,CFG_RMUX7<50>,CFG_RMUX7<10>,CFG_RMUX7<12>,CFG_RMUX7<14>,CFG_RMUX7<16>,CFG_RMUX7<17>,CFG_RMUX7<37>,CFG_RMUX7<36>,CFG_RMUX7<34>,CFG_RMUX7<32>,CFG_RMUX7<30>,CFG_IMUX5<24>,CFG_IMUX5<26>,CFG_IMUX5<28>,CFG_IMUX5<30>,CFG_IMUX5<32>,CFG_IMUX5<33>,CFG_IMUX5<45>,CFG_IMUX5<44>,CFG_IMUX5<42>,CFG_IMUX5<40>,CFG_IMUX5<38>,CFG_IMUX5<36>,CFG_LUT<89>,CFG_LUT<91>,CFG_LUT<90>,CFG_LUT<88>,CFG_CARRY_CRL<5>,CFG_SHIFTMUX<5>,CFG_OMUX5<1>,
W23,CFG_RMUX7<58>,CFG_RMUX7<59>,CFG_RMUX7<55>,CFG_RMUX7<53>,CFG_RMUX7<51>,CFG_RMUX7<11>,CFG_RMUX7<13>,CFG_RMUX7<15>,CFG_RMUX7<19>,CFG_RMUX7<18>,CFG_RMUX7<38>,CFG_RMUX7<39>,CFG_RMUX7<35>,CFG_RMUX7<33>,CFG_RMUX7<31>,CFG_IMUX5<25>,CFG_IMUX5<27>,CFG_IMUX5<29>,CFG_IMUX5<31>,CFG_IMUX5<35>,CFG_IMUX5<34>,CFG_IMUX5<46>,CFG_IMUX5<47>,CFG_IMUX5<43>,CFG_IMUX5<41>,CFG_IMUX5<39>,CFG_IMUX5<37>,CFG_LUT<95>,CFG_LUT<93>,CFG_LUT<92>,CFG_LUT<94>,CFG_LUTCMUX<10>,CFG_BYPASSEN<5>,CFG_OMUX5<2>,
W24,CFG_RMUX4<17>,CFG_RMUX4<16>,CFG_RMUX4<14>,CFG_RMUX4<12>,CFG_RMUX4<10>,CFG_RMUX4<30>,CFG_RMUX4<32>,CFG_RMUX4<34>,CFG_RMUX4<36>,CFG_RMUX4<37>,CFG_RMUX4<57>,CFG_RMUX4<56>,CFG_RMUX4<54>,CFG_RMUX4<52>,CFG_RMUX4<50>,CFG_IMUX6<0>,CFG_IMUX6<2>,CFG_IMUX6<4>,CFG_IMUX6<6>,CFG_IMUX6<8>,CFG_IMUX6<9>,CFG_IMUX6<21>,CFG_IMUX6<20>,CFG_IMUX6<18>,CFG_IMUX6<16>,CFG_IMUX6<14>,CFG_IMUX6<12>,CFG_LUT<97>,CFG_LUT<99>,CFG_LUT<98>,CFG_LUT<96>,CFG_LUTCMUX<13>,CFG_ASYNCMUX<6>,CFG_OMUX6<0>,
W25,CFG_RMUX4<18>,CFG_RMUX4<19>,CFG_RMUX4<15>,CFG_RMUX4<13>,CFG_RMUX4<11>,CFG_RMUX4<31>,CFG_RMUX4<33>,CFG_RMUX4<35>,CFG_RMUX4<39>,CFG_RMUX4<38>,CFG_RMUX4<58>,CFG_RMUX4<59>,CFG_RMUX4<55>,CFG_RMUX4<53>,CFG_RMUX4<51>,CFG_IMUX6<1>,CFG_IMUX6<3>,CFG_IMUX6<5>,CFG_IMUX6<7>,CFG_IMUX6<11>,CFG_IMUX6<10>,CFG_IMUX6<22>,CFG_IMUX6<23>,CFG_IMUX6<19>,CFG_IMUX6<17>,CFG_IMUX6<15>,CFG_IMUX6<13>,CFG_LUT<103>,CFG_LUT<101>,CFG_LUT<100>,CFG_LUT<102>,XXXX,CFG_CLKMUX<6>,XXXX,
W26,CFG_RMUX5<17>,CFG_RMUX5<16>,CFG_RMUX5<14>,CFG_RMUX5<12>,CFG_RMUX5<10>,CFG_RMUX5<30>,CFG_RMUX5<32>,CFG_RMUX5<34>,CFG_RMUX5<36>,CFG_RMUX5<37>,CFG_RMUX5<57>,CFG_RMUX5<56>,CFG_RMUX5<54>,CFG_RMUX5<52>,CFG_RMUX5<50>,CFG_IMUX6<24>,CFG_IMUX6<26>,CFG_IMUX6<28>,CFG_IMUX6<30>,CFG_IMUX6<32>,CFG_IMUX6<33>,CFG_IMUX6<45>,CFG_IMUX6<44>,CFG_IMUX6<42>,CFG_IMUX6<40>,CFG_IMUX6<38>,CFG_IMUX6<36>,CFG_LUT<105>,CFG_LUT<107>,CFG_LUT<106>,CFG_LUT<104>,CFG_CARRY_CRL<6>,CFG_SHIFTMUX<6>,CFG_OMUX6<1>,
W27,CFG_RMUX5<18>,CFG_RMUX5<19>,CFG_RMUX5<15>,CFG_RMUX5<13>,CFG_RMUX5<11>,CFG_RMUX5<31>,CFG_RMUX5<33>,CFG_RMUX5<35>,CFG_RMUX5<39>,CFG_RMUX5<38>,CFG_RMUX5<58>,CFG_RMUX5<59>,CFG_RMUX5<55>,CFG_RMUX5<53>,CFG_RMUX5<51>,CFG_IMUX6<25>,CFG_IMUX6<27>,CFG_IMUX6<29>,CFG_IMUX6<31>,CFG_IMUX6<35>,CFG_IMUX6<34>,CFG_IMUX6<46>,CFG_IMUX6<47>,CFG_IMUX6<43>,CFG_IMUX6<41>,CFG_IMUX6<39>,CFG_IMUX6<37>,CFG_LUT<111>,CFG_LUT<109>,CFG_LUT<108>,CFG_LUT<110>,CFG_LUTCMUX<12>,CFG_BYPASSEN<6>,CFG_OMUX6<2>,
W28,CFG_RMUX6<47>,CFG_RMUX6<46>,CFG_RMUX6<44>,CFG_RMUX6<42>,CFG_RMUX6<40>,CFG_RMUX6<0>,CFG_RMUX6<2>,CFG_RMUX6<4>,CFG_RMUX6<6>,CFG_RMUX6<7>,CFG_RMUX6<27>,CFG_RMUX6<26>,CFG_RMUX6<24>,CFG_RMUX6<22>,CFG_RMUX6<20>,CFG_IMUX7<0>,CFG_IMUX7<2>,CFG_IMUX7<4>,CFG_IMUX7<6>,CFG_IMUX7<8>,CFG_IMUX7<9>,CFG_IMUX7<21>,CFG_IMUX7<20>,CFG_IMUX7<18>,CFG_IMUX7<16>,CFG_IMUX7<14>,CFG_IMUX7<12>,CFG_LUT<113>,CFG_LUT<115>,CFG_LUT<114>,CFG_LUT<112>,CFG_LUTCMUX<15>,CFG_ASYNCMUX<7>,CFG_OMUX7<0>,
W29,CFG_RMUX6<48>,CFG_RMUX6<49>,CFG_RMUX6<45>,CFG_RMUX6<43>,CFG_RMUX6<41>,CFG_RMUX6<1>,CFG_RMUX6<3>,CFG_RMUX6<5>,CFG_RMUX6<9>,CFG_RMUX6<8>,CFG_RMUX6<28>,CFG_RMUX6<29>,CFG_RMUX6<25>,CFG_RMUX6<23>,CFG_RMUX6<21>,CFG_IMUX7<1>,CFG_IMUX7<3>,CFG_IMUX7<5>,CFG_IMUX7<7>,CFG_IMUX7<11>,CFG_IMUX7<10>,CFG_IMUX7<22>,CFG_IMUX7<23>,CFG_IMUX7<19>,CFG_IMUX7<17>,CFG_IMUX7<15>,CFG_IMUX7<13>,CFG_LUT<119>,CFG_LUT<117>,CFG_LUT<116>,CFG_LUT<118>,XXXX,CFG_CLKMUX<7>,XXXX,
W30,CFG_RMUX7<47>,CFG_RMUX7<46>,CFG_RMUX7<44>,CFG_RMUX7<42>,CFG_RMUX7<40>,CFG_RMUX7<0>,CFG_RMUX7<2>,CFG_RMUX7<4>,CFG_RMUX7<6>,CFG_RMUX7<7>,CFG_RMUX7<27>,CFG_RMUX7<26>,CFG_RMUX7<24>,CFG_RMUX7<22>,CFG_RMUX7<20>,CFG_IMUX7<24>,CFG_IMUX7<26>,CFG_IMUX7<28>,CFG_IMUX7<30>,CFG_IMUX7<32>,CFG_IMUX7<33>,CFG_IMUX7<45>,CFG_IMUX7<44>,CFG_IMUX7<42>,CFG_IMUX7<40>,CFG_IMUX7<38>,CFG_IMUX7<36>,CFG_LUT<121>,CFG_LUT<123>,CFG_LUT<122>,CFG_LUT<120>,CFG_CARRY_CRL<7>,CFG_SHIFTMUX<7>,CFG_OMUX7<1>,
W31,CFG_RMUX7<48>,CFG_RMUX7<49>,CFG_RMUX7<45>,CFG_RMUX7<43>,CFG_RMUX7<41>,CFG_RMUX7<1>,CFG_RMUX7<3>,CFG_RMUX7<5>,CFG_RMUX7<9>,CFG_RMUX7<8>,CFG_RMUX7<28>,CFG_RMUX7<29>,CFG_RMUX7<25>,CFG_RMUX7<23>,CFG_RMUX7<21>,CFG_IMUX7<25>,CFG_IMUX7<27>,CFG_IMUX7<29>,CFG_IMUX7<31>,CFG_IMUX7<35>,CFG_IMUX7<34>,CFG_IMUX7<46>,CFG_IMUX7<47>,CFG_IMUX7<43>,CFG_IMUX7<41>,CFG_IMUX7<39>,CFG_IMUX7<37>,CFG_LUT<127>,CFG_LUT<125>,CFG_LUT<124>,CFG_LUT<126>,CFG_LUTCMUX<14>,CFG_BYPASSEN<7>,CFG_OMUX7<2>,
W32,XXXX,XXXX,CFG_SEAMMUX<0>,CFG_SEAMMUX<1>,CFG_SEAMMUX<2>,CFG_SEAMMUX<3>,CFG_SEAMMUX<4>,CFG_SEAMMUX<5>,CFG_SEAMMUX<12>,CFG_SEAMMUX<13>,CFG_SEAMMUX<14>,CFG_SEAMMUX<15>,CFG_SEAMMUX<16>,CFG_SEAMMUX<17>,XXXX,CFG_CTRLMUX<0>,CFG_CTRLMUX<2>,CFG_CTRLMUX<4>,CFG_CTRLMUX<6>,CFG_CTRLMUX<8>,CFG_CTRLMUX<10>,CFG_CTRLMUX<22>,CFG_CTRLMUX<20>,CFG_CTRLMUX<18>,CFG_CTRLMUX<16>,CFG_CTRLMUX<14>,CFG_CTRLMUX<12>,CFG_TILECLKMUX<3>,CFG_TILECLKMUX<2>,CFG_TILECLKMUX<1>,CFG_TILECLKMUX<0>,CFG_TILECLKENMUX<5>,CFG_TILECLKENMUX<4>,CFG_TILECLKENMUX<3>,
W33,XXXX,XXXX,XXXX,XXXX,XXXX,XXXX,XXXX,XXXX,XXXX,XXXX,XXXX,XXXX,XXXX,XXXX,XXXX,CFG_CTRLMUX<1>,CFG_CTRLMUX<3>,CFG_CTRLMUX<5>,CFG_CTRLMUX<7>,CFG_CTRLMUX<9>,CFG_CTRLMUX<11>,CFG_CTRLMUX<23>,CFG_CTRLMUX<21>,CFG_CTRLMUX<19>,CFG_CTRLMUX<17>,CFG_CTRLMUX<15>,CFG_CTRLMUX<13>,CFG_TILEASYNCMUX<3>,CFG_TILEASYNCMUX<2>,CFG_TILEASYNCMUX<1>,CFG_TILEASYNCMUX<0>,CFG_TILESYNCMUX<5>,CFG_TILESYNCMUX<4>,CFG_TILESYNCMUX<3>,
W34,XXXX,XXXX,XXXX,XXXX,XXXX,XXXX,XXXX,XXXX,XXXX,XXXX,XXXX,XXXX,XXXX,XXXX,XXXX,CFG_CTRLMUX<25>,CFG_CTRLMUX<27>,CFG_CTRLMUX<29>,CFG_CTRLMUX<31>,CFG_CTRLMUX<33>,CFG_CTRLMUX<35>,CFG_CTRLMUX<47>,CFG_CTRLMUX<45>,CFG_CTRLMUX<43>,CFG_CTRLMUX<41>,CFG_CTRLMUX<39>,CFG_CTRLMUX<37>,CFG_TILEASYNCMUX<7>,CFG_TILEASYNCMUX<6>,CFG_TILEASYNCMUX<5>,CFG_TILEASYNCMUX<4>,CFG_TILESYNCMUX<2>,CFG_TILESYNCMUX<1>,CFG_TILESYNCMUX<0>,
W35,XXXX,XXXX,CFG_SEAMMUX<6>,CFG_SEAMMUX<7>,CFG_SEAMMUX<8>,CFG_SEAMMUX<9>,CFG_SEAMMUX<10>,CFG_SEAMMUX<11>,CFG_SEAMMUX<18>,CFG_SEAMMUX<19>,CFG_SEAMMUX<20>,CFG_SEAMMUX<21>,CFG_SEAMMUX<22>,CFG_SEAMMUX<23>,XXXX,CFG_CTRLMUX<24>,CFG_CTRLMUX<26>,CFG_CTRLMUX<28>,CFG_CTRLMUX<30>,CFG_CTRLMUX<32>,CFG_CTRLMUX<34>,CFG_CTRLMUX<46>,CFG_CTRLMUX<44>,CFG_CTRLMUX<42>,CFG_CTRLMUX<40>,CFG_CTRLMUX<38>,CFG_CTRLMUX<36>,CFG_TILECLKMUX<7>,CFG_TILECLKMUX<6>,CFG_TILECLKMUX<5>,CFG_TILECLKMUX<4>,CFG_TILECLKENMUX<2>,CFG_TILECLKENMUX<1>,CFG_TILECLKENMUX<0>,
W36,CFG_RMUX8<7>,CFG_RMUX8<6>,CFG_RMUX8<4>,CFG_RMUX8<2>,CFG_RMUX8<0>,CFG_RMUX8<20>,CFG_RMUX8<22>,CFG_RMUX8<24>,CFG_RMUX8<26>,CFG_RMUX8<27>,CFG_RMUX8<47>,CFG_RMUX8<46>,CFG_RMUX8<44>,CFG_RMUX8<42>,CFG_RMUX8<40>,CFG_IMUX8<0>,CFG_IMUX8<2>,CFG_IMUX8<4>,CFG_IMUX8<6>,CFG_IMUX8<8>,CFG_IMUX8<9>,CFG_IMUX8<21>,CFG_IMUX8<20>,CFG_IMUX8<18>,CFG_IMUX8<16>,CFG_IMUX8<14>,CFG_IMUX8<12>,CFG_LUT<129>,CFG_LUT<131>,CFG_LUT<130>,CFG_LUT<128>,CFG_LUTCMUX<17>,CFG_ASYNCMUX<8>,CFG_OMUX8<0>,
W37,CFG_RMUX8<8>,CFG_RMUX8<9>,CFG_RMUX8<5>,CFG_RMUX8<3>,CFG_RMUX8<1>,CFG_RMUX8<21>,CFG_RMUX8<23>,CFG_RMUX8<25>,CFG_RMUX8<29>,CFG_RMUX8<28>,CFG_RMUX8<48>,CFG_RMUX8<49>,CFG_RMUX8<45>,CFG_RMUX8<43>,CFG_RMUX8<41>,CFG_IMUX8<1>,CFG_IMUX8<3>,CFG_IMUX8<5>,CFG_IMUX8<7>,CFG_IMUX8<11>,CFG_IMUX8<10>,CFG_IMUX8<22>,CFG_IMUX8<23>,CFG_IMUX8<19>,CFG_IMUX8<17>,CFG_IMUX8<15>,CFG_IMUX8<13>,CFG_LUT<135>,CFG_LUT<133>,CFG_LUT<132>,CFG_LUT<134>,XXXX,CFG_CLKMUX<8>,XXXX,
W38,CFG_RMUX9<7>,CFG_RMUX9<6>,CFG_RMUX9<4>,CFG_RMUX9<2>,CFG_RMUX9<0>,CFG_RMUX9<20>,CFG_RMUX9<22>,CFG_RMUX9<24>,CFG_RMUX9<26>,CFG_RMUX9<27>,CFG_RMUX9<47>,CFG_RMUX9<46>,CFG_RMUX9<44>,CFG_RMUX9<42>,CFG_RMUX9<40>,CFG_IMUX8<24>,CFG_IMUX8<26>,CFG_IMUX8<28>,CFG_IMUX8<30>,CFG_IMUX8<32>,CFG_IMUX8<33>,CFG_IMUX8<45>,CFG_IMUX8<44>,CFG_IMUX8<42>,CFG_IMUX8<40>,CFG_IMUX8<38>,CFG_IMUX8<36>,CFG_LUT<137>,CFG_LUT<139>,CFG_LUT<138>,CFG_LUT<136>,CFG_CARRY_CRL<8>,CFG_SHIFTMUX<8>,CFG_OMUX8<1>,
W39,CFG_RMUX9<8>,CFG_RMUX9<9>,CFG_RMUX9<5>,CFG_RMUX9<3>,CFG_RMUX9<1>,CFG_RMUX9<21>,CFG_RMUX9<23>,CFG_RMUX9<25>,CFG_RMUX9<29>,CFG_RMUX9<28>,CFG_RMUX9<48>,CFG_RMUX9<49>,CFG_RMUX9<45>,CFG_RMUX9<43>,CFG_RMUX9<41>,CFG_IMUX8<25>,CFG_IMUX8<27>,CFG_IMUX8<29>,CFG_IMUX8<31>,CFG_IMUX8<35>,CFG_IMUX8<34>,CFG_IMUX8<46>,CFG_IMUX8<47>,CFG_IMUX8<43>,CFG_IMUX8<41>,CFG_IMUX8<39>,CFG_IMUX8<37>,CFG_LUT<143>,CFG_LUT<141>,CFG_LUT<140>,CFG_LUT<142>,CFG_LUTCMUX<16>,CFG_BYPASSEN<8>,CFG_OMUX8<2>,
W40,CFG_RMUX10<57>,CFG_RMUX10<56>,CFG_RMUX10<54>,CFG_RMUX10<52>,CFG_RMUX10<50>,CFG_RMUX10<10>,CFG_RMUX10<12>,CFG_RMUX10<14>,CFG_RMUX10<16>,CFG_RMUX10<17>,CFG_RMUX10<37>,CFG_RMUX10<36>,CFG_RMUX10<34>,CFG_RMUX10<32>,CFG_RMUX10<30>,CFG_IMUX9<0>,CFG_IMUX9<2>,CFG_IMUX9<4>,CFG_IMUX9<6>,CFG_IMUX9<8>,CFG_IMUX9<9>,CFG_IMUX9<21>,CFG_IMUX9<20>,CFG_IMUX9<18>,CFG_IMUX9<16>,CFG_IMUX9<14>,CFG_IMUX9<12>,CFG_LUT<145>,CFG_LUT<147>,CFG_LUT<146>,CFG_LUT<144>,CFG_LUTCMUX<19>,CFG_ASYNCMUX<9>,CFG_OMUX9<0>,
W41,CFG_RMUX10<58>,CFG_RMUX10<59>,CFG_RMUX10<55>,CFG_RMUX10<53>,CFG_RMUX10<51>,CFG_RMUX10<11>,CFG_RMUX10<13>,CFG_RMUX10<15>,CFG_RMUX10<19>,CFG_RMUX10<18>,CFG_RMUX10<38>,CFG_RMUX10<39>,CFG_RMUX10<35>,CFG_RMUX10<33>,CFG_RMUX10<31>,CFG_IMUX9<1>,CFG_IMUX9<3>,CFG_IMUX9<5>,CFG_IMUX9<7>,CFG_IMUX9<11>,CFG_IMUX9<10>,CFG_IMUX9<22>,CFG_IMUX9<23>,CFG_IMUX9<19>,CFG_IMUX9<17>,CFG_IMUX9<15>,CFG_IMUX9<13>,CFG_LUT<151>,CFG_LUT<149>,CFG_LUT<148>,CFG_LUT<150>,XXXX,CFG_CLKMUX<9>,XXXX,
W42,CFG_RMUX11<57>,CFG_RMUX11<56>,CFG_RMUX11<54>,CFG_RMUX11<52>,CFG_RMUX11<50>,CFG_RMUX11<10>,CFG_RMUX11<12>,CFG_RMUX11<14>,CFG_RMUX11<16>,CFG_RMUX11<17>,CFG_RMUX11<37>,CFG_RMUX11<36>,CFG_RMUX11<34>,CFG_RMUX11<32>,CFG_RMUX11<30>,CFG_IMUX9<24>,CFG_IMUX9<26>,CFG_IMUX9<28>,CFG_IMUX9<30>,CFG_IMUX9<32>,CFG_IMUX9<33>,CFG_IMUX9<45>,CFG_IMUX9<44>,CFG_IMUX9<42>,CFG_IMUX9<40>,CFG_IMUX9<38>,CFG_IMUX9<36>,CFG_LUT<153>,CFG_LUT<155>,CFG_LUT<154>,CFG_LUT<152>,CFG_CARRY_CRL<9>,CFG_SHIFTMUX<9>,CFG_OMUX9<1>,
W43,CFG_RMUX11<58>,CFG_RMUX11<59>,CFG_RMUX11<55>,CFG_RMUX11<53>,CFG_RMUX11<51>,CFG_RMUX11<11>,CFG_RMUX11<13>,CFG_RMUX11<15>,CFG_RMUX11<19>,CFG_RMUX11<18>,CFG_RMUX11<38>,CFG_RMUX11<39>,CFG_RMUX11<35>,CFG_RMUX11<33>,CFG_RMUX11<31>,CFG_IMUX9<25>,CFG_IMUX9<27>,CFG_IMUX9<29>,CFG_IMUX9<31>,CFG_IMUX9<35>,CFG_IMUX9<34>,CFG_IMUX9<46>,CFG_IMUX9<47>,CFG_IMUX9<43>,CFG_IMUX9<41>,CFG_IMUX9<39>,CFG_IMUX9<37>,CFG_LUT<159>,CFG_LUT<157>,CFG_LUT<156>,CFG_LUT<158>,CFG_LUTCMUX<18>,CFG_BYPASSEN<9>,CFG_OMUX9<2>,
W44,CFG_RMUX8<17>,CFG_RMUX8<16>,CFG_RMUX8<14>,CFG_RMUX8<12>,CFG_RMUX8<10>,CFG_RMUX8<30>,CFG_RMUX8<32>,CFG_RMUX8<34>,CFG_RMUX8<36>,CFG_RMUX8<37>,CFG_RMUX8<57>,CFG_RMUX8<56>,CFG_RMUX8<54>,CFG_RMUX8<52>,CFG_RMUX8<50>,CFG_IMUX10<0>,CFG_IMUX10<2>,CFG_IMUX10<4>,CFG_IMUX10<6>,CFG_IMUX10<8>,CFG_IMUX10<9>,CFG_IMUX10<21>,CFG_IMUX10<20>,CFG_IMUX10<18>,CFG_IMUX10<16>,CFG_IMUX10<14>,CFG_IMUX10<12>,CFG_LUT<161>,CFG_LUT<163>,CFG_LUT<162>,CFG_LUT<160>,CFG_LUTCMUX<21>,CFG_ASYNCMUX<10>,CFG_OMUX10<0>,
W45,CFG_RMUX8<18>,CFG_RMUX8<19>,CFG_RMUX8<15>,CFG_RMUX8<13>,CFG_RMUX8<11>,CFG_RMUX8<31>,CFG_RMUX8<33>,CFG_RMUX8<35>,CFG_RMUX8<39>,CFG_RMUX8<38>,CFG_RMUX8<58>,CFG_RMUX8<59>,CFG_RMUX8<55>,CFG_RMUX8<53>,CFG_RMUX8<51>,CFG_IMUX10<1>,CFG_IMUX10<3>,CFG_IMUX10<5>,CFG_IMUX10<7>,CFG_IMUX10<11>,CFG_IMUX10<10>,CFG_IMUX10<22>,CFG_IMUX10<23>,CFG_IMUX10<19>,CFG_IMUX10<17>,CFG_IMUX10<15>,CFG_IMUX10<13>,CFG_LUT<167>,CFG_LUT<165>,CFG_LUT<164>,CFG_LUT<166>,XXXX,CFG_CLKMUX<10>,XXXX,
W46,CFG_RMUX9<17>,CFG_RMUX9<16>,CFG_RMUX9<14>,CFG_RMUX9<12>,CFG_RMUX9<10>,CFG_RMUX9<30>,CFG_RMUX9<32>,CFG_RMUX9<34>,CFG_RMUX9<36>,CFG_RMUX9<37>,CFG_RMUX9<57>,CFG_RMUX9<56>,CFG_RMUX9<54>,CFG_RMUX9<52>,CFG_RMUX9<50>,CFG_IMUX10<24>,CFG_IMUX10<26>,CFG_IMUX10<28>,CFG_IMUX10<30>,CFG_IMUX10<32>,CFG_IMUX10<33>,CFG_IMUX10<45>,CFG_IMUX10<44>,CFG_IMUX10<42>,CFG_IMUX10<40>,CFG_IMUX10<38>,CFG_IMUX10<36>,CFG_LUT<169>,CFG_LUT<171>,CFG_LUT<170>,CFG_LUT<168>,CFG_CARRY_CRL<10>,CFG_SHIFTMUX<10>,CFG_OMUX10<1>,
W47,CFG_RMUX9<18>,CFG_RMUX9<19>,CFG_RMUX9<15>,CFG_RMUX9<13>,CFG_RMUX9<11>,CFG_RMUX9<31>,CFG_RMUX9<33>,CFG_RMUX9<35>,CFG_RMUX9<39>,CFG_RMUX9<38>,CFG_RMUX9<58>,CFG_RMUX9<59>,CFG_RMUX9<55>,CFG_RMUX9<53>,CFG_RMUX9<51>,CFG_IMUX10<25>,CFG_IMUX10<27>,CFG_IMUX10<29>,CFG_IMUX10<31>,CFG_IMUX10<35>,CFG_IMUX10<34>,CFG_IMUX10<46>,CFG_IMUX10<47>,CFG_IMUX10<43>,CFG_IMUX10<41>,CFG_IMUX10<39>,CFG_IMUX10<37>,CFG_LUT<175>,CFG_LUT<173>,CFG_LUT<172>,CFG_LUT<174>,CFG_LUTCMUX<20>,CFG_BYPASSEN<10>,CFG_OMUX10<2>,
W48,CFG_RMUX10<47>,CFG_RMUX10<46>,CFG_RMUX10<44>,CFG_RMUX10<42>,CFG_RMUX10<40>,CFG_RMUX10<0>,CFG_RMUX10<2>,CFG_RMUX10<4>,CFG_RMUX10<6>,CFG_RMUX10<7>,CFG_RMUX10<27>,CFG_RMUX10<26>,CFG_RMUX10<24>,CFG_RMUX10<22>,CFG_RMUX10<20>,CFG_IMUX11<0>,CFG_IMUX11<2>,CFG_IMUX11<4>,CFG_IMUX11<6>,CFG_IMUX11<8>,CFG_IMUX11<9>,CFG_IMUX11<21>,CFG_IMUX11<20>,CFG_IMUX11<18>,CFG_IMUX11<16>,CFG_IMUX11<14>,CFG_IMUX11<12>,CFG_LUT<177>,CFG_LUT<179>,CFG_LUT<178>,CFG_LUT<176>,CFG_LUTCMUX<23>,CFG_ASYNCMUX<11>,CFG_OMUX11<0>,
W49,CFG_RMUX10<48>,CFG_RMUX10<49>,CFG_RMUX10<45>,CFG_RMUX10<43>,CFG_RMUX10<41>,CFG_RMUX10<1>,CFG_RMUX10<3>,CFG_RMUX10<5>,CFG_RMUX10<9>,CFG_RMUX10<8>,CFG_RMUX10<28>,CFG_RMUX10<29>,CFG_RMUX10<25>,CFG_RMUX10<23>,CFG_RMUX10<21>,CFG_IMUX11<1>,CFG_IMUX11<3>,CFG_IMUX11<5>,CFG_IMUX11<7>,CFG_IMUX11<11>,CFG_IMUX11<10>,CFG_IMUX11<22>,CFG_IMUX11<23>,CFG_IMUX11<19>,CFG_IMUX11<17>,CFG_IMUX11<15>,CFG_IMUX11<13>,CFG_LUT<183>,CFG_LUT<181>,CFG_LUT<180>,CFG_LUT<182>,XXXX,CFG_CLKMUX<11>,XXXX,
W50,CFG_RMUX11<47>,CFG_RMUX11<46>,CFG_RMUX11<44>,CFG_RMUX11<42>,CFG_RMUX11<40>,CFG_RMUX11<0>,CFG_RMUX11<2>,CFG_RMUX11<4>,CFG_RMUX11<6>,CFG_RMUX11<7>,CFG_RMUX11<27>,CFG_RMUX11<26>,CFG_RMUX11<24>,CFG_RMUX11<22>,CFG_RMUX11<20>,CFG_IMUX11<24>,CFG_IMUX11<26>,CFG_IMUX11<28>,CFG_IMUX11<30>,CFG_IMUX11<32>,CFG_IMUX11<33>,CFG_IMUX11<45>,CFG_IMUX11<44>,CFG_IMUX11<42>,CFG_IMUX11<40>,CFG_IMUX11<38>,CFG_IMUX11<36>,CFG_LUT<185>,CFG_LUT<187>,CFG_LUT<186>,CFG_LUT<184>,CFG_CARRY_CRL<11>,CFG_SHIFTMUX<11>,CFG_OMUX11<1>,
W51,CFG_RMUX11<48>,CFG_RMUX11<49>,CFG_RMUX11<45>,CFG_RMUX11<43>,CFG_RMUX11<41>,CFG_RMUX11<1>,CFG_RMUX11<3>,CFG_RMUX11<5>,CFG_RMUX11<9>,CFG_RMUX11<8>,CFG_RMUX11<28>,CFG_RMUX11<29>,CFG_RMUX11<25>,CFG_RMUX11<23>,CFG_RMUX11<21>,CFG_IMUX11<25>,CFG_IMUX11<27>,CFG_IMUX11<29>,CFG_IMUX11<31>,CFG_IMUX11<35>,CFG_IMUX11<34>,CFG_IMUX11<46>,CFG_IMUX11<47>,CFG_IMUX11<43>,CFG_IMUX11<41>,CFG_IMUX11<39>,CFG_IMUX11<37>,CFG_LUT<191>,CFG_LUT<189>,CFG_LUT<188>,CFG_LUT<190>,CFG_LUTCMUX<22>,CFG_BYPASSEN<11>,CFG_OMUX11<2>,
W52,CFG_RMUX12<7>,CFG_RMUX12<6>,CFG_RMUX12<4>,CFG_RMUX12<2>,CFG_RMUX12<0>,CFG_RMUX12<20>,CFG_RMUX12<22>,CFG_RMUX12<24>,CFG_RMUX12<26>,CFG_RMUX12<27>,CFG_RMUX12<47>,CFG_RMUX12<46>,CFG_RMUX12<44>,CFG_RMUX12<42>,CFG_RMUX12<40>,CFG_IMUX12<0>,CFG_IMUX12<2>,CFG_IMUX12<4>,CFG_IMUX12<6>,CFG_IMUX12<8>,CFG_IMUX12<9>,CFG_IMUX12<21>,CFG_IMUX12<20>,CFG_IMUX12<18>,CFG_IMUX12<16>,CFG_IMUX12<14>,CFG_IMUX12<12>,CFG_LUT<193>,CFG_LUT<195>,CFG_LUT<194>,CFG_LUT<192>,CFG_LUTCMUX<25>,CFG_ASYNCMUX<12>,CFG_OMUX12<0>,
W53,CFG_RMUX12<8>,CFG_RMUX12<9>,CFG_RMUX12<5>,CFG_RMUX12<3>,CFG_RMUX12<1>,CFG_RMUX12<21>,CFG_RMUX12<23>,CFG_RMUX12<25>,CFG_RMUX12<29>,CFG_RMUX12<28>,CFG_RMUX12<48>,CFG_RMUX12<49>,CFG_RMUX12<45>,CFG_RMUX12<43>,CFG_RMUX12<41>,CFG_IMUX12<1>,CFG_IMUX12<3>,CFG_IMUX12<5>,CFG_IMUX12<7>,CFG_IMUX12<11>,CFG_IMUX12<10>,CFG_IMUX12<22>,CFG_IMUX12<23>,CFG_IMUX12<19>,CFG_IMUX12<17>,CFG_IMUX12<15>,CFG_IMUX12<13>,CFG_LUT<199>,CFG_LUT<197>,CFG_LUT<196>,CFG_LUT<198>,XXXX,CFG_CLKMUX<12>,XXXX,
W54,CFG_RMUX13<7>,CFG_RMUX13<6>,CFG_RMUX13<4>,CFG_RMUX13<2>,CFG_RMUX13<0>,CFG_RMUX13<20>,CFG_RMUX13<22>,CFG_RMUX13<24>,CFG_RMUX13<26>,CFG_RMUX13<27>,CFG_RMUX13<47>,CFG_RMUX13<46>,CFG_RMUX13<44>,CFG_RMUX13<42>,CFG_RMUX13<40>,CFG_IMUX12<24>,CFG_IMUX12<26>,CFG_IMUX12<28>,CFG_IMUX12<30>,CFG_IMUX12<32>,CFG_IMUX12<33>,CFG_IMUX12<45>,CFG_IMUX12<44>,CFG_IMUX12<42>,CFG_IMUX12<40>,CFG_IMUX12<38>,CFG_IMUX12<36>,CFG_LUT<201>,CFG_LUT<203>,CFG_LUT<202>,CFG_LUT<200>,CFG_CARRY_CRL<12>,CFG_SHIFTMUX<12>,CFG_OMUX12<1>,
W55,CFG_RMUX13<8>,CFG_RMUX13<9>,CFG_RMUX13<5>,CFG_RMUX13<3>,CFG_RMUX13<1>,CFG_RMUX13<21>,CFG_RMUX13<23>,CFG_RMUX13<25>,CFG_RMUX13<29>,CFG_RMUX13<28>,CFG_RMUX13<48>,CFG_RMUX13<49>,CFG_RMUX13<45>,CFG_RMUX13<43>,CFG_RMUX13<41>,CFG_IMUX12<25>,CFG_IMUX12<27>,CFG_IMUX12<29>,CFG_IMUX12<31>,CFG_IMUX12<35>,CFG_IMUX12<34>,CFG_IMUX12<46>,CFG_IMUX12<47>,CFG_IMUX12<43>,CFG_IMUX12<41>,CFG_IMUX12<39>,CFG_IMUX12<37>,CFG_LUT<207>,CFG_LUT<205>,CFG_LUT<204>,CFG_LUT<206>,CFG_LUTCMUX<24>,CFG_BYPASSEN<12>,CFG_OMUX12<2>,
W56,CFG_RMUX14<57>,CFG_RMUX14<56>,CFG_RMUX14<54>,CFG_RMUX14<52>,CFG_RMUX14<50>,CFG_RMUX14<10>,CFG_RMUX14<12>,CFG_RMUX14<14>,CFG_RMUX14<16>,CFG_RMUX14<17>,CFG_RMUX14<37>,CFG_RMUX14<36>,CFG_RMUX14<34>,CFG_RMUX14<32>,CFG_RMUX14<30>,CFG_IMUX13<0>,CFG_IMUX13<2>,CFG_IMUX13<4>,CFG_IMUX13<6>,CFG_IMUX13<8>,CFG_IMUX13<9>,CFG_IMUX13<21>,CFG_IMUX13<20>,CFG_IMUX13<18>,CFG_IMUX13<16>,CFG_IMUX13<14>,CFG_IMUX13<12>,CFG_LUT<209>,CFG_LUT<211>,CFG_LUT<210>,CFG_LUT<208>,CFG_LUTCMUX<27>,CFG_ASYNCMUX<13>,CFG_OMUX13<0>,
W57,CFG_RMUX14<58>,CFG_RMUX14<59>,CFG_RMUX14<55>,CFG_RMUX14<53>,CFG_RMUX14<51>,CFG_RMUX14<11>,CFG_RMUX14<13>,CFG_RMUX14<15>,CFG_RMUX14<19>,CFG_RMUX14<18>,CFG_RMUX14<38>,CFG_RMUX14<39>,CFG_RMUX14<35>,CFG_RMUX14<33>,CFG_RMUX14<31>,CFG_IMUX13<1>,CFG_IMUX13<3>,CFG_IMUX13<5>,CFG_IMUX13<7>,CFG_IMUX13<11>,CFG_IMUX13<10>,CFG_IMUX13<22>,CFG_IMUX13<23>,CFG_IMUX13<19>,CFG_IMUX13<17>,CFG_IMUX13<15>,CFG_IMUX13<13>,CFG_LUT<215>,CFG_LUT<213>,CFG_LUT<212>,CFG_LUT<214>,XXXX,CFG_CLKMUX<13>,XXXX,
W58,CFG_RMUX15<57>,CFG_RMUX15<56>,CFG_RMUX15<54>,CFG_RMUX15<52>,CFG_RMUX15<50>,CFG_RMUX15<10>,CFG_RMUX15<12>,CFG_RMUX15<14>,CFG_RMUX15<16>,CFG_RMUX15<17>,CFG_RMUX15<37>,CFG_RMUX15<36>,CFG_RMUX15<34>,CFG_RMUX15<32>,CFG_RMUX15<30>,CFG_IMUX13<24>,CFG_IMUX13<26>,CFG_IMUX13<28>,CFG_IMUX13<30>,CFG_IMUX13<32>,CFG_IMUX13<33>,CFG_IMUX13<45>,CFG_IMUX13<44>,CFG_IMUX13<42>,CFG_IMUX13<40>,CFG_IMUX13<38>,CFG_IMUX13<36>,CFG_LUT<217>,CFG_LUT<219>,CFG_LUT<218>,CFG_LUT<216>,CFG_CARRY_CRL<13>,CFG_SHIFTMUX<13>,CFG_OMUX13<1>,
W59,CFG_RMUX15<58>,CFG_RMUX15<59>,CFG_RMUX15<55>,CFG_RMUX15<53>,CFG_RMUX15<51>,CFG_RMUX15<11>,CFG_RMUX15<13>,CFG_RMUX15<15>,CFG_RMUX15<19>,CFG_RMUX15<18>,CFG_RMUX15<38>,CFG_RMUX15<39>,CFG_RMUX15<35>,CFG_RMUX15<33>,CFG_RMUX15<31>,CFG_IMUX13<25>,CFG_IMUX13<27>,CFG_IMUX13<29>,CFG_IMUX13<31>,CFG_IMUX13<35>,CFG_IMUX13<34>,CFG_IMUX13<46>,CFG_IMUX13<47>,CFG_IMUX13<43>,CFG_IMUX13<41>,CFG_IMUX13<39>,CFG_IMUX13<37>,CFG_LUT<223>,CFG_LUT<221>,CFG_LUT<220>,CFG_LUT<222>,CFG_LUTCMUX<26>,CFG_BYPASSEN<13>,CFG_OMUX13<2>,
W60,CFG_RMUX12<17>,CFG_RMUX12<16>,CFG_RMUX12<14>,CFG_RMUX12<12>,CFG_RMUX12<10>,CFG_RMUX12<30>,CFG_RMUX12<32>,CFG_RMUX12<34>,CFG_RMUX12<36>,CFG_RMUX12<37>,CFG_RMUX12<57>,CFG_RMUX12<56>,CFG_RMUX12<54>,CFG_RMUX12<52>,CFG_RMUX12<50>,CFG_IMUX14<0>,CFG_IMUX14<2>,CFG_IMUX14<4>,CFG_IMUX14<6>,CFG_IMUX14<8>,CFG_IMUX14<9>,CFG_IMUX14<21>,CFG_IMUX14<20>,CFG_IMUX14<18>,CFG_IMUX14<16>,CFG_IMUX14<14>,CFG_IMUX14<12>,CFG_LUT<225>,CFG_LUT<227>,CFG_LUT<226>,CFG_LUT<224>,CFG_LUTCMUX<29>,CFG_ASYNCMUX<14>,CFG_OMUX14<0>,
W61,CFG_RMUX12<18>,CFG_RMUX12<19>,CFG_RMUX12<15>,CFG_RMUX12<13>,CFG_RMUX12<11>,CFG_RMUX12<31>,CFG_RMUX12<33>,CFG_RMUX12<35>,CFG_RMUX12<39>,CFG_RMUX12<38>,CFG_RMUX12<58>,CFG_RMUX12<59>,CFG_RMUX12<55>,CFG_RMUX12<53>,CFG_RMUX12<51>,CFG_IMUX14<1>,CFG_IMUX14<3>,CFG_IMUX14<5>,CFG_IMUX14<7>,CFG_IMUX14<11>,CFG_IMUX14<10>,CFG_IMUX14<22>,CFG_IMUX14<23>,CFG_IMUX14<19>,CFG_IMUX14<17>,CFG_IMUX14<15>,CFG_IMUX14<13>,CFG_LUT<231>,CFG_LUT<229>,CFG_LUT<228>,CFG_LUT<230>,XXXX,CFG_CLKMUX<14>,XXXX,
W62,CFG_RMUX13<17>,CFG_RMUX13<16>,CFG_RMUX13<14>,CFG_RMUX13<12>,CFG_RMUX13<10>,CFG_RMUX13<30>,CFG_RMUX13<32>,CFG_RMUX13<34>,CFG_RMUX13<36>,CFG_RMUX13<37>,CFG_RMUX13<57>,CFG_RMUX13<56>,CFG_RMUX13<54>,CFG_RMUX13<52>,CFG_RMUX13<50>,CFG_IMUX14<24>,CFG_IMUX14<26>,CFG_IMUX14<28>,CFG_IMUX14<30>,CFG_IMUX14<32>,CFG_IMUX14<33>,CFG_IMUX14<45>,CFG_IMUX14<44>,CFG_IMUX14<42>,CFG_IMUX14<40>,CFG_IMUX14<38>,CFG_IMUX14<36>,CFG_LUT<233>,CFG_LUT<235>,CFG_LUT<234>,CFG_LUT<232>,CFG_CARRY_CRL<14>,CFG_SHIFTMUX<14>,CFG_OMUX14<1>,
W63,CFG_RMUX13<18>,CFG_RMUX13<19>,CFG_RMUX13<15>,CFG_RMUX13<13>,CFG_RMUX13<11>,CFG_RMUX13<31>,CFG_RMUX13<33>,CFG_RMUX13<35>,CFG_RMUX13<39>,CFG_RMUX13<38>,CFG_RMUX13<58>,CFG_RMUX13<59>,CFG_RMUX13<55>,CFG_RMUX13<53>,CFG_RMUX13<51>,CFG_IMUX14<25>,CFG_IMUX14<27>,CFG_IMUX14<29>,CFG_IMUX14<31>,CFG_IMUX14<35>,CFG_IMUX14<34>,CFG_IMUX14<46>,CFG_IMUX14<47>,CFG_IMUX14<43>,CFG_IMUX14<41>,CFG_IMUX14<39>,CFG_IMUX14<37>,CFG_LUT<239>,CFG_LUT<237>,CFG_LUT<236>,CFG_LUT<238>,CFG_LUTCMUX<28>,CFG_BYPASSEN<14>,CFG_OMUX14<2>,
W64,CFG_RMUX14<47>,CFG_RMUX14<46>,CFG_RMUX14<44>,CFG_RMUX14<42>,CFG_RMUX14<40>,CFG_RMUX14<0>,CFG_RMUX14<2>,CFG_RMUX14<4>,CFG_RMUX14<6>,CFG_RMUX14<7>,CFG_RMUX14<27>,CFG_RMUX14<26>,CFG_RMUX14<24>,CFG_RMUX14<22>,CFG_RMUX14<20>,CFG_IMUX15<0>,CFG_IMUX15<2>,CFG_IMUX15<4>,CFG_IMUX15<6>,CFG_IMUX15<8>,CFG_IMUX15<9>,CFG_IMUX15<21>,CFG_IMUX15<20>,CFG_IMUX15<18>,CFG_IMUX15<16>,CFG_IMUX15<14>,CFG_IMUX15<12>,CFG_LUT<241>,CFG_LUT<243>,CFG_LUT<242>,CFG_LUT<240>,CFG_LUTCMUX<31>,CFG_ASYNCMUX<15>,CFG_OMUX15<0>,
W65,CFG_RMUX14<48>,CFG_RMUX14<49>,CFG_RMUX14<45>,CFG_RMUX14<43>,CFG_RMUX14<41>,CFG_RMUX14<1>,CFG_RMUX14<3>,CFG_RMUX14<5>,CFG_RMUX14<9>,CFG_RMUX14<8>,CFG_RMUX14<28>,CFG_RMUX14<29>,CFG_RMUX14<25>,CFG_RMUX14<23>,CFG_RMUX14<21>,CFG_IMUX15<1>,CFG_IMUX15<3>,CFG_IMUX15<5>,CFG_IMUX15<7>,CFG_IMUX15<11>,CFG_IMUX15<10>,CFG_IMUX15<22>,CFG_IMUX15<23>,CFG_IMUX15<19>,CFG_IMUX15<17>,CFG_IMUX15<15>,CFG_IMUX15<13>,CFG_LUT<247>,CFG_LUT<245>,CFG_LUT<244>,CFG_LUT<246>,XXXX,CFG_CLKMUX<15>,XXXX,
W66,CFG_RMUX15<47>,CFG_RMUX15<46>,CFG_RMUX15<44>,CFG_RMUX15<42>,CFG_RMUX15<40>,CFG_RMUX15<0>,CFG_RMUX15<2>,CFG_RMUX15<4>,CFG_RMUX15<6>,CFG_RMUX15<7>,CFG_RMUX15<27>,CFG_RMUX15<26>,CFG_RMUX15<24>,CFG_RMUX15<22>,CFG_RMUX15<20>,CFG_IMUX15<24>,CFG_IMUX15<26>,CFG_IMUX15<28>,CFG_IMUX15<30>,CFG_IMUX15<32>,CFG_IMUX15<33>,CFG_IMUX15<45>,CFG_IMUX15<44>,CFG_IMUX15<42>,CFG_IMUX15<40>,CFG_IMUX15<38>,CFG_IMUX15<36>,CFG_LUT<249>,CFG_LUT<251>,CFG_LUT<250>,CFG_LUT<248>,CFG_CARRY_CRL<15>,CFG_SHIFTMUX<15>,CFG_OMUX15<1>,
W67,CFG_RMUX15<48>,CFG_RMUX15<49>,CFG_RMUX15<45>,CFG_RMUX15<43>,CFG_RMUX15<41>,CFG_RMUX15<1>,CFG_RMUX15<3>,CFG_RMUX15<5>,CFG_RMUX15<9>,CFG_RMUX15<8>,CFG_RMUX15<28>,CFG_RMUX15<29>,CFG_RMUX15<25>,CFG_RMUX15<23>,CFG_RMUX15<21>,CFG_IMUX15<25>,CFG_IMUX15<27>,CFG_IMUX15<29>,CFG_IMUX15<31>,CFG_IMUX15<35>,CFG_IMUX15<34>,CFG_IMUX15<46>,CFG_IMUX15<47>,CFG_IMUX15<43>,CFG_IMUX15<41>,CFG_IMUX15<39>,CFG_IMUX15<37>,CFG_LUT<255>,CFG_LUT<253>,CFG_LUT<252>,CFG_LUT<254>,CFG_LUTCMUX<30>,CFG_BYPASSEN<15>,CFG_OMUX15<2>,

